hour,load_kw
0,66.21
1,58.99
2,65.35
3,59.05
4,66.23
5,59.39
6,68.68
7,43.22
8,35.13
9,30.52
10,34.87
11,33.68
12,32.48
13,29.12
14,33.84
15,28.04
16,42.09
17,49.71
18,54.93
19,56.27
20,59.42
21,58.41
22,69.68
23,63.91
24,70.6
25,64.09
26,79.83
27,69.13
28,83.24
29,72.72
30,104.91
31,292.3
32,370.24
33,369.9
34,375.34
35,376.22
36,375.2
37,369.57
38,369.54
39,362.16
40,367.74
41,303.22
42,303.24
43,303.61
44,303.59
45,38.23
46,46.74
47,52.69
48,47.59
49,51.08
50,56.02
51,60.87
52,59.14
53,62.64
54,104.67
55,290.12
56,369.65
57,369.54
58,374.61
59,375.39
60,374.46
61,368.86
62,368.84
63,361.65
64,367.35
65,302.78
66,303.02
67,303.18
68,303.24
69,38.64
70,37.45
71,47.32
72,48.0
73,51.68
74,49.22
75,59.91
76,55.53
77,62.91
78,104.47
79,290.4
80,369.67
81,369.63
82,375.22
83,376.16
84,375.17
85,369.57
86,369.55
87,362.18
88,367.76
89,303.24
90,303.26
91,303.66
92,303.66
93,44.77
94,47.17
95,61.68
96,57.38
97,63.62
98,59.91
99,64.75
100,60.34
101,64.76
102,104.81
103,291.29
104,369.85
105,369.77
106,375.3
107,376.21
108,375.2
109,369.58
110,369.55
111,362.17
112,367.79
113,303.31
114,303.35
115,303.75
116,303.76
117,44.73
118,55.67
119,61.35
120,62.02
121,62.31
122,61.97
123,61.3
124,63.45
125,62.77
126,105.57
127,291.77
128,369.95
129,369.77
130,375.28
131,376.2
132,375.2
133,369.57
134,369.54
135,362.17
136,367.75
137,303.21
138,303.25
139,303.24
140,303.25
141,42.7
142,47.32
143,59.49
144,55.6
145,64.47
146,58.65
147,65.76
148,59.65
149,66.15
150,59.34
151,47.71
152,33.45
153,40.01
154,35.98
155,37.85
156,30.17
157,32.04
158,36.06
159,32.98
160,44.26
161,55.58
162,50.97
163,58.26
164,52.46
165,63.61
166,59.05
167,64.21
168,59.99
169,63.26
170,59.53
171,62.82
172,59.94
173,63.67
174,59.95
175,47.48
176,28.72
177,39.12
178,30.97
179,37.27
180,35.86
181,32.05
182,35.25
183,39.06
184,38.52
185,61.82
186,56.11
187,62.24
188,60.05
189,69.25
190,81.84
191,84.73
192,79.03
193,84.84
194,79.06
195,81.61
196,79.05
197,86.73
198,105.06
199,292.9
200,371.04
201,370.23
202,375.61
203,376.45
204,375.37
205,369.72
206,369.68
207,362.32
208,364.59
209,303.58
210,303.61
211,304.01
212,304.02
213,45.32
214,59.9
215,63.04
216,60.63
217,62.19
218,60.81
219,62.26
220,66.83
221,71.85
222,105.67
223,292.45
224,370.21
225,369.94
226,375.41
227,376.27
228,375.25
229,369.62
230,369.59
231,362.22
232,364.43
233,303.37
234,303.4
235,303.41
236,303.44
237,44.54
238,55.1
239,60.88
240,61.2
241,62.49
242,62.24
243,62.24
244,62.5
245,62.53
246,104.82
247,291.18
248,369.84
249,369.8
250,375.4
251,376.32
252,375.31
253,369.66
254,369.63
255,362.24
256,364.4
257,303.14
258,303.22
259,303.65
260,303.62
261,38.41
262,39.0
263,52.06
264,47.28
265,52.49
266,56.68
267,60.83
268,62.29
269,61.63
270,104.59
271,290.51
272,369.69
273,369.61
274,375.21
275,376.16
276,375.21
277,369.62
278,369.6
279,362.2
280,364.31
281,303.21
282,303.23
283,303.63
284,303.62
285,42.12
286,47.32
287,56.68
288,56.95
289,63.75
290,58.88
291,66.08
292,61.03
293,67.34
294,105.45
295,291.17
296,369.83
297,369.72
298,375.25
299,376.09
300,374.53
301,368.68
302,368.48
303,361.03
304,363.14
305,301.99
306,302.01
307,301.99
308,301.77
309,32.4
310,32.49
311,33.42
312,32.55
313,32.57
314,32.58
315,32.57
316,40.34
317,38.92
318,37.59
319,24.49
320,16.68
321,16.95
322,14.98
323,17.35
324,12.18
325,16.66
326,16.66
327,16.57
328,23.03
329,39.1
330,37.74
331,52.64
332,50.09
333,58.1
334,57.5
335,62.84
336,61.63
337,62.9
338,62.55
339,63.28
340,63.42
341,63.28
342,63.2
343,48.83
344,32.82
345,35.56
346,30.67
347,33.47
348,34.04
349,31.05
350,34.13
351,31.76
352,35.55
353,58.46
354,54.71
355,60.32
356,56.49
357,61.99
358,63.18
359,65.79
360,65.55
361,64.87
362,63.71
363,66.25
364,82.44
365,65.63
366,63.74
367,48.25
368,37.09
369,38.34
370,29.75
371,33.33
372,26.69
373,30.28
374,26.41
375,29.9
376,32.9
377,52.54
378,47.68
379,59.63
380,53.58
381,63.42
382,58.42
383,65.78
384,59.25
385,64.38
386,59.74
387,68.83
388,65.85
389,69.49
390,105.4
391,292.14
392,370.22
393,369.92
394,375.4
395,376.29
396,375.24
397,369.62
398,369.61
399,362.27
400,364.54
401,303.51
402,303.55
403,303.57
404,303.61
405,45.43
406,60.04
407,63.1
408,60.68
409,62.19
410,60.83
411,65.67
412,67.63
413,77.94
414,105.16
415,292.87
416,370.68
417,370.17
418,375.59
419,376.39
420,375.32
421,369.69
422,369.65
423,362.26
424,361.1
425,303.53
426,303.62
427,304.05
428,304.07
429,47.06
430,64.41
431,59.84
432,64.28
433,58.86
434,64.91
435,63.07
436,83.76
437,79.27
438,105.18
439,292.9
440,370.59
441,370.12
442,375.53
443,376.33
444,375.26
445,369.61
446,369.57
447,362.18
448,360.95
449,303.29
450,303.33
451,303.74
452,303.73
453,44.29
454,51.39
455,62.08
456,60.25
457,63.14
458,61.03
459,63.28
460,62.93
461,65.04
462,105.39
463,290.82
464,369.75
465,369.73
466,375.34
467,376.29
468,375.29
469,369.66
470,369.63
471,362.24
472,360.99
473,303.32
474,303.35
475,303.35
476,303.36
477,43.67
478,46.44
479,59.61
480,57.86
481,64.36
482,59.94
483,64.54
484,60.34
485,64.97
486,60.44
487,47.65
488,36.77
489,35.42
490,32.37
491,30.5
492,26.15
493,29.94
494,26.32
495,29.9
496,29.42
497,50.07
498,48.06
499,51.37
500,55.78
501,63.39
502,60.58
503,63.72
504,61.49
505,63.64
506,61.21
507,65.79
508,64.13
509,67.59
510,73.48
511,55.1
512,36.19
513,35.08
514,35.41
515,35.13
516,37.01
517,39.67
518,38.73
519,38.49
520,42.12
521,60.25
522,63.87
523,65.02
524,65.42
525,84.21
526,80.03
527,90.54
528,88.54
529,84.67
530,90.68
531,86.89
532,92.05
533,88.28
534,105.26
535,289.77
536,372.44
537,371.38
538,376.44
539,377.03
540,375.88
541,370.07
542,369.95
543,362.55
544,361.42
545,303.83
546,303.85
547,304.22
548,304.18
549,45.56
550,62.48
551,59.77
552,64.21
553,58.81
554,64.27
555,58.83
556,66.24
557,63.77
558,105.63
559,288.89
560,370.2
561,370.04
562,375.56
563,376.47
564,375.43
565,369.78
566,369.73
567,362.34
568,361.12
569,303.46
570,303.48
571,303.46
572,303.47
573,44.41
574,50.28
575,60.86
576,59.37
577,62.17
578,60.99
579,63.14
580,61.0
581,63.29
582,104.88
583,288.3
584,369.95
585,369.88
586,375.41
587,376.25
588,375.23
589,369.6
590,369.59
591,362.2
592,360.93
593,303.24
594,303.25
595,303.62
596,303.6
597,38.29
598,39.36
599,52.11
600,47.5
601,51.17
602,47.19
603,57.14
604,53.01
605,62.37
606,104.04
607,286.71
608,369.68
609,369.68
610,374.99
611,375.03
612,373.65
613,367.93
614,367.91
615,367.52
616,362.84
617,301.47
618,301.48
619,301.87
620,301.84
621,32.87
622,32.63
623,33.52
624,32.67
625,32.68
626,32.68
627,32.68
628,34.81
629,34.48
630,107.7
631,290.57
632,373.66
633,376.25
634,382.81
635,383.02
636,378.36
637,367.99
638,368.11
639,360.83
640,356.14
641,301.93
642,302.12
643,302.17
644,302.28
645,32.33
646,32.39
647,33.36
648,32.41
649,32.41
650,35.09
651,36.7
652,49.25
653,50.62
654,52.34
655,33.5
656,28.9
657,31.82
658,27.95
659,33.18
660,29.22
661,33.18
662,25.99
663,18.79
664,18.01
665,52.06
666,48.03
667,52.93
668,58.16
669,61.74
670,62.78
671,64.03
672,62.99
673,62.97
674,62.86
675,62.84
676,63.22
677,63.28
678,63.31
679,44.06
680,36.78
681,32.92
682,33.88
683,30.71
684,26.43
685,30.4
686,26.92
687,30.69
688,26.79
689,50.94
690,47.05
691,50.92
692,47.11
693,60.52
694,57.58
695,64.33
696,60.81
697,60.68
698,62.78
699,62.68
700,65.04
701,64.14
702,104.73
703,288.23
704,369.9
705,369.78
706,375.35
707,376.25
708,375.27
709,369.64
710,369.59
711,362.21
712,357.54
713,303.28
714,303.29
715,303.69
716,303.68
717,42.7
718,46.81
719,52.67
720,57.8
721,64.23
722,57.85
723,65.69
724,60.85
725,66.99
726,105.46
727,287.92
728,369.81
729,369.72
730,375.24
731,376.17
732,375.18
733,369.57
734,369.56
735,362.18
736,357.49
737,303.22
738,303.22
739,303.2
740,303.19
741,38.06
742,46.32
743,51.83
744,53.72
745,62.3
746,57.53
747,65.81
748,59.06
749,65.7
750,104.82
751,287.88
752,369.85
753,369.76
754,375.29
755,376.21
756,375.2
757,369.58
758,369.55
759,362.17
760,357.5
761,303.25
762,303.29
763,303.69
764,303.69
765,45.06
766,46.63
767,62.33
768,59.48
769,63.07
770,61.43
771,63.41
772,61.42
773,63.48
774,104.81
775,287.67
776,369.78
777,369.69
778,375.26
779,376.18
780,375.19
781,369.57
782,369.55
783,362.17
784,357.47
785,303.2
786,303.22
787,303.61
788,303.6
789,39.68
790,49.74
791,52.79
792,59.76
793,62.1
794,61.32
795,63.57
796,63.29
797,65.03
798,105.37
799,287.32
800,369.76
801,369.74
802,375.34
803,376.27
804,375.27
805,369.64
806,369.6
807,362.21
808,357.52
809,299.81
810,303.24
811,303.21
812,303.22
813,38.3
814,37.07
815,51.11
816,47.81
817,51.43
818,48.03
819,59.64
820,55.29
821,59.8
822,56.89
823,34.87
824,26.79
825,30.54
826,26.87
827,31.62
828,27.01
829,31.07
830,26.43
831,28.71
832,26.85
833,47.42
834,46.99
835,50.87
836,47.09
837,63.93
838,58.82
839,65.57
840,58.76
841,65.47
842,59.16
843,65.42
844,59.54
845,65.81
846,59.57
847,39.97
848,36.28
849,38.56
850,29.1
851,40.5
852,25.74
853,32.53
854,34.93
855,34.99
856,34.28
857,54.4
858,57.34
859,62.47
860,58.81
861,69.51
862,77.57
863,80.68
864,78.0
865,87.1
866,77.52
867,85.09
868,84.5
869,90.83
870,105.16
871,286.15
872,371.41
873,370.46
874,375.73
875,376.52
876,375.41
877,369.73
878,369.67
879,362.28
880,357.68
881,300.09
882,303.56
883,303.97
884,303.96
885,45.2
886,59.01
887,63.0
888,60.57
889,62.14
890,60.75
891,62.22
892,63.89
893,67.62
894,105.65
895,285.45
896,370.13
897,369.92
898,375.41
899,376.27
900,375.24
901,369.6
902,369.56
903,362.16
904,357.48
905,299.82
906,303.29
907,303.29
908,303.34
909,43.96
910,53.57
911,59.5
912,64.24
913,59.79
914,63.61
915,58.67
916,64.39
917,59.23
918,104.94
919,284.86
920,369.92
921,369.81
922,375.31
923,376.2
924,375.18
925,369.56
926,369.54
927,362.16
928,357.44
929,299.75
930,303.23
931,303.64
932,303.63
933,42.5
934,47.38
935,61.58
936,56.69
937,65.09
938,58.96
939,65.28
940,58.92
941,65.32
942,104.9
943,284.63
944,369.84
945,369.74
946,375.26
947,376.17
948,375.19
949,369.6
950,369.59
951,362.2
952,357.48
953,299.77
954,303.2
955,303.58
956,303.56
957,38.44
958,37.21
959,46.71
960,48.06
961,51.93
962,47.61
963,61.05
964,60.44
965,62.72
966,104.71
967,283.23
968,369.59
969,369.16
970,374.23
971,374.9
972,374.13
973,368.92
974,369.04
975,361.61
976,356.15
977,298.72
978,302.74
979,303.14
980,303.16
981,36.24
982,39.67
983,38.64
984,47.2
985,51.81
986,50.07
987,59.72
988,57.49
989,61.59
990,60.68
991,32.21
992,29.18
993,31.19
994,30.77
995,25.08
996,15.95
997,12.3
998,12.34
999,12.35
1000,12.15
1001,25.8
1002,32.61
1003,32.99
1004,32.95
1005,38.79
1006,46.68
1007,50.57
1008,53.43
1009,48.73
1010,52.18
1011,56.89
1012,61.93
1013,59.02
1014,61.8
1015,27.02
1016,31.38
1017,28.72
1018,30.46
1019,19.47
1020,12.17
1021,12.24
1022,12.26
1023,12.23
1024,12.03
1025,25.69
1026,35.52
1027,41.39
1028,48.45
1029,49.39
1030,50.07
1031,54.07
1032,53.86
1033,56.91
1034,58.08
1035,57.31
1036,58.64
1037,56.71
1038,100.05
1039,282.46
1040,368.52
1041,368.34
1042,373.77
1043,374.51
1044,373.52
1045,367.9
1046,367.89
1047,360.51
1048,355.81
1049,294.73
1050,301.72
1051,302.31
1052,302.62
1053,32.54
1054,38.36
1055,40.15
1056,37.49
1057,46.08
1058,51.16
1059,49.91
1060,53.04
1061,50.91
1062,100.43
1063,282.73
1064,368.84
1065,368.62
1066,374.1
1067,374.89
1068,373.86
1069,368.22
1070,368.3
1071,360.83
1072,355.98
1073,295.02
1074,302.17
1075,302.3
1076,302.3
1077,32.28
1078,35.64
1079,39.43
1080,38.05
1081,38.99
1082,41.66
1083,49.94
1084,52.57
1085,50.64
1086,99.49
1087,283.0
1088,369.24
1089,368.9
1090,374.4
1091,375.32
1092,374.43
1093,369.05
1094,369.41
1095,362.24
1096,357.47
1097,296.29
1098,303.14
1099,303.52
1100,303.5
1101,38.93
1102,40.47
1103,54.0
1104,50.0
1105,60.73
1106,61.88
1107,62.71
1108,63.39
1109,63.1
1110,101.3
1111,283.87
1112,369.75
1113,369.67
1114,375.24
1115,376.17
1116,375.17
1117,369.55
1118,369.53
1119,362.15
1120,357.44
1121,296.34
1122,303.25
1123,303.67
1124,303.69
1125,45.23
1126,52.68
1127,63.27
1128,60.23
1129,63.92
1130,60.55
1131,63.44
1132,62.24
1133,64.95
1134,102.14
1135,284.76
1136,369.92
1137,369.82
1138,375.37
1139,376.25
1140,375.24
1141,369.61
1142,369.57
1143,362.19
1144,357.54
1145,296.47
1146,303.36
1147,303.36
1148,303.39
1149,43.25
1150,53.08
1151,61.34
1152,61.59
1153,62.29
1154,61.97
1155,61.96
1156,62.12
1157,62.18
1158,58.13
1159,41.29
1160,34.49
1161,36.2
1162,35.28
1163,35.32
1164,30.11
1165,29.22
1166,31.25
1167,21.1
1168,25.38
1169,44.2
1170,47.04
1171,50.69
1172,53.32
1173,64.71
1174,59.04
1175,66.8
1176,59.36
1177,66.23
1178,59.33
1179,66.24
1180,59.75
1181,66.63
1182,56.33
1183,40.77
1184,33.88
1185,36.28
1186,26.05
1187,31.0
1188,27.28
1189,31.58
1190,26.29
1191,29.47
1192,25.58
1193,40.62
1194,46.85
1195,50.72
1196,46.98
1197,60.24
1198,56.37
1199,62.55
1200,56.02
1201,64.09
1202,59.63
1203,62.35
1204,59.56
1205,63.62
1206,53.59
1207,38.13
1208,34.09
1209,39.17
1210,31.77
1211,35.65
1212,25.59
1213,29.22
1214,25.77
1215,29.2
1216,29.43
1217,47.06
1218,54.24
1219,57.71
1220,52.47
1221,66.07
1222,58.4
1223,66.67
1224,58.84
1225,67.75
1226,61.59
1227,68.63
1228,65.01
1229,71.18
1230,98.55
1231,284.89
1232,369.94
1233,369.8
1234,375.35
1235,376.26
1236,375.26
1237,369.61
1238,369.57
1239,362.19
1240,357.52
1241,293.02
1242,303.34
1243,303.35
1244,303.37
1245,44.53
1246,46.16
1247,60.33
1248,59.66
1249,62.94
1250,61.02
1251,63.06
1252,61.23
1253,63.34
1254,97.97
1255,284.42
1256,369.8
1257,369.72
1258,375.28
1259,376.2
1260,375.22
1261,368.87
1262,368.26
1263,360.6
1264,355.81
1265,291.26
1266,301.58
1267,302.03
1268,302.09
1269,36.97
1270,36.54
1271,39.91
1272,37.41
1273,38.47
1274,37.15
1275,38.29
1276,48.26
1277,52.68
1278,95.48
1279,281.93
1280,367.95
1281,367.84
1282,373.45
1283,374.45
1284,374.1
1285,368.9
1286,369.03
1287,361.44
1288,355.91
1289,291.4
1290,301.96
1291,302.63
1292,302.88
1293,32.57
1294,32.35
1295,36.67
1296,38.53
1297,38.07
1298,40.71
1299,52.69
1300,53.13
1301,54.02
1302,96.66
1303,283.0
1304,369.57
1305,369.62
1306,375.26
1307,376.2
1308,375.25
1309,369.5
1310,369.37
1311,361.87
1312,356.48
1313,291.39
1314,301.5
1315,301.46
1316,301.46
1317,32.5
1318,32.55
1319,33.44
1320,32.53
1321,32.52
1322,32.5
1323,32.47
1324,37.74
1325,37.48
1326,31.95
1327,15.07
1328,12.28
1329,12.35
1330,12.37
1331,13.15
1332,12.32
1333,12.41
1334,12.46
1335,12.46
1336,12.26
1337,22.47
1338,32.68
1339,33.05
1340,33.0
1341,32.78
1342,32.43
1343,34.81
1344,38.09
1345,44.77
1346,53.72
1347,49.04
1348,53.05
1349,56.64
1350,50.75
1351,28.15
1352,27.05
1353,13.75
1354,12.3
1355,13.1
1356,12.28
1357,12.36
1358,12.4
1359,12.4
1360,12.21
1361,22.46
1362,32.7
1363,33.08
1364,33.0
1365,32.77
1366,32.43
1367,37.84
1368,44.47
1369,47.64
1370,52.11
1371,50.24
1372,51.43
1373,49.59
1374,93.02
1375,282.52
1376,368.39
1377,368.12
1378,373.56
1379,374.34
1380,379.5
1381,377.63
1382,368.43
1383,360.9
1384,355.76
1385,291.16
1386,301.45
1387,301.85
1388,301.86
1389,32.73
1390,32.49
1391,33.42
1392,32.52
1393,32.52
1394,32.51
1395,32.5
1396,34.47
1397,34.11
1398,91.85
1399,282.13
1400,368.47
1401,368.28
1402,373.89
1403,374.92
1404,374.13
1405,368.55
1406,368.52
1407,361.07
1408,356.35
1409,288.53
1410,302.5
1411,302.94
1412,303.13
1413,32.22
1414,34.59
1415,37.77
1416,46.32
1417,52.32
1418,57.28
1419,62.63
1420,62.24
1421,62.04
1422,94.13
1423,283.35
1424,369.57
1425,369.55
1426,375.18
1427,376.15
1428,375.21
1429,369.45
1430,369.24
1431,361.5
1432,356.22
1433,288.32
1434,302.38
1435,303.24
1436,303.5
1437,34.16
1438,39.74
1439,38.78
1440,45.44
1441,52.32
1442,50.37
1443,54.71
1444,59.92
1445,61.4
1446,93.45
1447,283.1
1448,369.46
1449,368.76
1450,373.74
1451,374.36
1452,373.44
1453,367.84
1454,367.84
1455,360.48
1456,355.74
1457,287.74
1458,301.44
1459,301.84
1460,301.86
1461,32.69
1462,32.46
1463,33.4
1464,32.46
1465,32.45
1466,37.18
1467,36.94
1468,41.53
1469,41.95
1470,91.95
1471,282.02
1472,368.26
1473,368.06
1474,373.6
1475,374.41
1476,373.48
1477,367.9
1478,368.17
1479,360.99
1480,355.73
1481,287.68
1482,301.4
1483,301.43
1484,301.5
1485,32.36
1486,32.41
1487,33.36
1488,32.39
1489,35.41
1490,40.82
1491,53.68
1492,51.92
1493,64.45
1494,50.4
1495,38.26
1496,28.01
1497,33.05
1498,29.8
1499,36.29
1500,31.55
1501,25.28
1502,18.4
1503,16.74
1504,16.32
1505,24.26
1506,38.67
1507,47.55
1508,53.21
1509,57.44
1510,64.32
1511,60.71
1512,65.43
1513,60.99
1514,65.5
1515,60.54
1516,65.34
1517,60.56
1518,54.9
1519,36.52
1520,39.53
1521,31.32
1522,36.58
1523,27.4
1524,30.89
1525,27.22
1526,30.71
1527,24.51
1528,24.86
1529,35.71
1530,47.88
1531,49.57
1532,48.19
1533,59.75
1534,59.4
1535,59.93
1536,61.83
1537,62.02
1538,60.4
1539,63.68
1540,61.16
1541,63.99
1542,91.01
1543,284.32
1544,369.82
1545,369.78
1546,375.38
1547,376.31
1548,375.32
1549,369.69
1550,369.64
1551,362.24
1552,357.56
1553,289.62
1554,303.34
1555,303.74
1556,303.73
1557,44.78
1558,46.39
1559,61.1
1560,58.56
1561,64.64
1562,59.72
1563,63.67
1564,60.68
1565,65.7
1566,91.93
1567,285.17
1568,370.02
1569,369.83
1570,375.33
1571,376.21
1572,375.18
1573,369.55
1574,369.53
1575,362.17
1576,357.44
1577,289.45
1578,303.16
1579,303.15
1580,303.17
1581,38.27
1582,42.89
1583,52.42
1584,50.18
1585,62.59
1586,58.51
1587,65.23
1588,59.89
1589,66.36
1590,91.0
1591,283.7
1592,369.65
1593,369.57
1594,375.07
1595,375.27
1596,373.85
1597,368.26
1598,368.35
1599,360.84
1600,355.84
1601,288.18
1602,302.38
1603,303.43
1604,303.51
1605,35.6
1606,37.97
1607,39.82
1608,44.61
1609,53.28
1610,48.71
1611,59.59
1612,57.61
1613,64.23
1614,90.13
1615,283.1
1616,369.53
1617,368.86
1618,373.89
1619,374.59
1620,373.61
1621,367.96
1622,367.91
1623,360.51
1624,355.8
1625,284.44
1626,301.66
1627,302.03
1628,302.08
1629,32.64
1630,32.41
1631,33.38
1632,32.45
1633,37.16
1634,36.96
1635,38.19
1636,41.26
1637,39.48
1638,88.0
1639,281.51
1640,368.01
1641,367.96
1642,373.55
1643,374.37
1644,373.48
1645,367.88
1646,367.96
1647,360.81
1648,355.75
1649,284.36
1650,301.5
1651,301.46
1652,301.51
1653,32.4
1654,32.46
1655,33.4
1656,32.49
1657,32.49
1658,32.49
1659,32.49
1660,32.9
1661,32.87
1662,19.21
1663,12.26
1664,12.28
1665,12.33
1666,12.35
1667,13.2
1668,12.44
1669,12.58
1670,12.67
1671,12.67
1672,12.48
1673,15.88
1674,32.94
1675,33.36
1676,33.31
1677,33.07
1678,32.69
1679,33.5
1680,32.67
1681,32.65
1682,32.64
1683,33.06
1684,33.01
1685,33.0
1686,15.77
1687,12.36
1688,12.42
1689,12.43
1690,13.21
1691,12.42
1692,12.53
1693,12.57
1694,12.52
1695,12.31
1696,12.31
1697,15.67
1698,33.11
1699,33.06
1700,32.86
1701,32.54
1702,33.36
1703,32.51
1704,32.5
1705,32.49
1706,32.48
1707,32.87
1708,32.84
1709,100.42
1710,284.69
1711,367.85
1712,382.13
1713,403.24
1714,469.18
1715,586.02
1716,630.68
1717,655.46
1718,687.03
1719,683.78
1720,566.99
1721,537.61
1722,515.75
1723,468.58
1724,33.39
1725,33.04
1726,33.83
1727,32.98
1728,32.95
1729,32.92
1730,32.88
1731,35.09
1732,34.69
1733,125.52
1734,293.55
1735,376.22
1736,382.04
1737,401.32
1738,421.6
1739,439.7
1740,447.14
1741,460.04
1742,454.0
1743,411.29
1744,306.44
1745,289.32
1746,302.14
1747,301.84
1748,32.55
1749,32.61
1750,33.5
1751,32.6
1752,32.58
1753,32.57
1754,32.55
1755,32.94
1756,32.91
1757,100.12
1758,284.67
1759,367.93
1760,368.03
1761,378.71
1762,392.3
1763,420.65
1764,468.73
1765,536.66
1766,593.43
1767,602.29
1768,459.18
1769,373.55
1770,342.0
1771,328.42
1772,33.05
1773,32.8
1774,33.68
1775,32.85
1776,32.84
1777,32.82
1778,32.8
1779,33.23
1780,33.21
1781,113.38
1782,295.45
1783,392.2
1784,443.53
1785,519.95
1786,616.02
1787,685.92
1788,706.77
1789,715.46
1790,726.97
1791,711.46
1792,584.0
1793,554.1
1794,537.17
1795,498.59
1796,33.41
1797,33.05
1798,33.85
1799,33.02
1800,33.01
1801,32.99
1802,32.98
1803,35.32
1804,34.94
1805,176.02
1806,358.26
1807,479.47
1808,499.24
1809,515.68
1810,565.33
1811,614.16
1812,635.49
1813,649.44
1814,647.11
1815,607.37
1816,434.84
1817,399.42
1818,399.58
1819,376.11
1820,32.84
1821,32.82
1822,33.62
1823,32.75
1824,32.73
1825,32.72
1826,32.71
1827,33.1
1828,33.07
1829,33.05
1830,12.4
1831,12.4
1832,12.45
1833,12.47
1834,13.27
1835,12.47
1836,12.57
1837,12.6
1838,12.59
1839,12.4
1840,12.39
1841,12.36
1842,33.25
1843,33.17
1844,32.92
1845,32.56
1846,33.38
1847,32.52
1848,32.5
1849,32.47
1850,32.45
1851,32.84
1852,32.81
1853,32.84
1854,12.23
1855,12.27
1856,12.33
1857,12.35
1858,13.16
1859,12.34
1860,12.42
1861,12.44
1862,12.39
1863,12.17
1864,12.17
1865,12.17
1866,33.09
1867,33.06
1868,32.88
1869,32.56
1870,33.38
1871,32.52
1872,32.5
1873,32.49
1874,32.5
1875,32.91
1876,32.88
1877,100.33
1878,281.18
1879,367.87
1880,367.94
1881,373.58
1882,374.47
1883,373.65
1884,368.15
1885,368.19
1886,360.81
1887,356.12
1888,281.38
1889,281.46
1890,302.46
1891,302.52
1892,32.6
1893,32.38
1894,33.35
1895,32.42
1896,32.4
1897,35.52
1898,38.26
1899,49.15
1900,56.79
1901,102.4
1902,282.1
1903,368.7
1904,368.33
1905,373.62
1906,374.38
1907,373.71
1908,368.6
1909,368.95
1910,374.04
1911,362.78
1912,283.9
1913,280.84
1914,301.33
1915,301.36
1916,32.4
1917,32.46
1918,33.4
1919,32.48
1920,32.47
1921,32.47
1922,32.44
1923,32.83
1924,32.79
1925,100.99
1926,281.41
1927,367.89
1928,367.85
1929,373.48
1930,374.75
1931,379.04
1932,379.67
1933,386.36
1934,382.61
1935,373.42
1936,291.77
1937,290.51
1938,311.22
1939,305.46
1940,32.8
1941,32.55
1942,33.47
1943,32.58
1944,32.58
1945,32.58
1946,32.58
1947,32.98
1948,32.96
1949,99.87
1950,281.04
1951,370.67
1952,377.94
1953,401.89
1954,428.99
1955,435.32
1956,445.59
1957,440.77
1958,415.7
1959,379.41
1960,281.16
1961,281.04
1962,301.98
1963,301.99
1964,32.64
1965,32.41
1966,33.37
1967,32.4
1968,32.39
1969,32.37
1970,32.37
1971,34.36
1972,44.4
1973,99.61
1974,282.86
1975,369.48
1976,369.54
1977,375.19
1978,376.16
1979,375.21
1980,369.62
1981,369.6
1982,362.22
1983,357.48
1984,282.63
1985,282.63
1986,303.13
1987,303.13
1988,32.23
1989,32.32
1990,37.71
1991,36.6
1992,39.03
1993,47.59
1994,54.28
1995,50.09
1996,53.96
1997,49.19
1998,32.25
1999,24.91
2000,25.61
2001,12.24
2002,13.08
2003,12.22
2004,12.3
2005,12.32
2006,12.3
2007,12.11
2008,12.11
2009,12.1
2010,33.01
2011,32.96
2012,32.75
2013,37.07
2014,40.28
2015,53.57
2016,48.82
2017,52.24
2018,53.49
2019,59.77
2020,56.44
2021,59.02
2022,35.23
2023,31.28
2024,24.16
2025,24.3
2026,13.09
2027,12.26
2028,12.36
2029,12.42
2030,12.39
2031,12.2
2032,12.15
2033,12.09
2034,32.96
2035,32.9
2036,39.0
2037,53.08
2038,48.96
2039,51.27
2040,57.26
2041,60.97
2042,60.22
2043,63.91
2044,60.84
2045,101.22
2046,283.99
2047,369.71
2048,369.68
2049,375.23
2050,376.17
2051,375.2
2052,368.74
2053,368.28
2054,360.84
2055,356.03
2056,281.19
2057,281.53
2058,299.67
2059,303.52
2060,32.51
2061,36.91
2062,40.32
2063,38.06
2064,52.67
2065,48.64
2066,52.22
2067,58.86
2068,63.78
2069,101.24
2070,283.2
2071,369.58
2072,369.49
2073,374.17
2074,374.62
2075,373.54
2076,368.14
2077,368.37
2078,361.02
2079,355.72
2080,280.81
2081,280.81
2082,297.9
2083,301.33
2084,32.39
2085,32.47
2086,33.4
2087,32.48
2088,32.45
2089,32.43
2090,32.41
2091,37.52
2092,40.11
2093,98.66
2094,282.52
2095,368.52
2096,368.17
2097,373.67
2098,374.47
2099,373.57
2100,368.16
2101,368.51
2102,361.28
2103,355.89
2104,281.0
2105,281.05
2106,298.6
2107,302.08
2108,32.63
2109,32.41
2110,33.38
2111,32.44
2112,32.44
2113,32.43
2114,32.42
2115,35.9
2116,38.62
2117,95.27
2118,282.88
2119,369.52
2120,369.57
2121,375.21
2122,375.89
2123,374.8
2124,369.2
2125,368.97
2126,361.46
2127,356.6
2128,281.77
2129,281.88
2130,299.55
2131,303.09
2132,32.58
2133,32.36
2134,39.25
2135,39.3
2136,37.71
2137,40.04
2138,50.74
2139,53.24
2140,54.29
2141,96.12
2142,282.32
2143,368.63
2144,368.6
2145,374.02
2146,374.73
2147,373.7
2148,368.05
2149,368.01
2150,360.57
2151,355.8
2152,280.94
2153,280.97
2154,298.15
2155,301.6
2156,32.41
2157,32.47
2158,33.4
2159,32.49
2160,32.48
2161,32.47
2162,32.47
2163,32.86
2164,32.83
2165,26.01
2166,12.22
2167,12.24
2168,12.27
2169,12.26
2170,13.08
2171,12.22
2172,12.28
2173,12.3
2174,12.29
2175,12.11
2176,12.1
2177,12.09
2178,29.58
2179,32.96
2180,32.77
2181,32.44
2182,33.3
2183,32.43
2184,37.16
2185,45.25
2186,47.45
2187,50.58
2188,52.99
2189,44.6
2190,19.31
2191,12.21
2192,12.25
2193,12.26
2194,13.07
2195,12.23
2196,12.31
2197,12.35
2198,12.32
2199,12.13
2200,12.11
2201,12.1
2202,29.6
2203,32.99
2204,32.79
2205,32.46
2206,33.31
2207,32.45
2208,32.45
2209,32.45
2210,37.12
2211,50.63
2212,49.16
2213,94.85
2214,281.72
2215,368.23
2216,368.2
2217,373.8
2218,374.7
2219,373.75
2220,368.08
2221,368.05
2222,360.68
2223,355.94
2224,281.09
2225,281.09
2226,298.57
2227,301.99
2228,32.68
2229,32.45
2230,33.38
2231,32.47
2232,32.48
2233,32.47
2234,32.45
2235,40.82
2236,40.0
2237,95.11
2238,281.62
2239,368.12
2240,368.08
2241,373.65
2242,374.48
2243,373.55
2244,367.94
2245,367.95
2246,360.61
2247,355.89
2248,281.11
2249,281.32
2250,298.53
2251,301.95
2252,32.34
2253,32.42
2254,33.39
2255,32.47
2256,32.47
2257,32.45
2258,32.44
2259,37.36
2260,38.53
2261,91.32
2262,281.74
2263,368.06
2264,367.97
2265,373.48
2266,374.3
2267,373.46
2268,368.23
2269,381.2
2270,371.26
2271,366.85
2272,292.15
2273,290.09
2274,303.56
2275,301.72
2276,32.78
2277,32.55
2278,33.47
2279,32.58
2280,32.58
2281,32.56
2282,32.55
2283,32.94
2284,32.91
2285,89.72
2286,281.12
2287,367.84
2288,367.84
2289,373.45
2290,374.39
2291,373.78
2292,368.48
2293,368.77
2294,361.65
2295,355.8
2296,280.84
2297,280.84
2298,294.91
2299,301.77
2300,32.67
2301,32.44
2302,33.4
2303,32.46
2304,32.46
2305,32.43
2306,32.39
2307,34.36
2308,36.89
2309,92.82
2310,282.91
2311,369.53
2312,369.58
2313,375.24
2314,376.01
2315,374.1
2316,368.18
2317,368.36
2318,361.19
2319,355.83
2320,280.92
2321,280.92
2322,294.63
2323,301.59
2324,32.35
2325,32.42
2326,33.37
2327,32.42
2328,32.4
2329,32.38
2330,34.35
2331,36.98
2332,46.97
2333,43.83
2334,12.12
2335,12.18
2336,12.25
2337,12.27
2338,13.11
2339,12.24
2340,12.32
2341,12.36
2342,12.34
2343,12.15
2344,12.15
2345,12.14
2346,26.2
2347,32.99
2348,32.78
2349,32.44
2350,34.87
2351,46.18
2352,49.46
2353,53.15
2354,48.55
2355,62.76
2356,55.36
2357,50.54
2358,33.62
2359,28.46
2360,13.76
2361,12.36
2362,13.18
2363,12.39
2364,12.49
2365,12.55
2366,12.56
2367,12.38
2368,12.38
2369,12.36
2370,26.44
2371,33.21
2372,32.95
2373,32.56
2374,33.36
2375,32.5
2376,32.49
2377,32.48
2378,32.46
2379,32.87
2380,32.84
2381,90.22
2382,281.12
2383,367.77
2384,384.23
2385,388.2
2386,399.35
2387,409.13
2388,414.74
2389,422.73
2390,426.73
2391,421.63
2392,319.92
2393,312.26
2394,322.25
2395,322.18
2396,33.02
2397,32.78
2398,33.67
2399,32.85
2400,32.85
2401,32.81
2402,32.79
2403,35.0
2404,34.62
2405,102.27
2406,285.04
2407,367.83
2408,378.99
2409,388.72
2410,390.21
2411,390.11
2412,384.58
2413,388.41
2414,378.68
2415,361.84
2416,281.11
2417,281.0
2418,294.63
2419,301.52
2420,32.37
2421,32.44
2422,33.4
2423,32.45
2424,32.44
2425,32.44
2426,32.42
2427,32.81
2428,32.77
2429,88.46
2430,282.46
2431,368.57
2432,368.42
2433,373.82
2434,374.53
2435,373.64
2436,368.29
2437,368.6
2438,361.54
2439,355.78
2440,280.85
2441,280.89
2442,294.98
2443,301.87
2444,32.62
2445,32.4
2446,33.37
2447,32.41
2448,32.4
2449,32.38
2450,32.36
2451,37.12
2452,50.45
2453,88.88
2454,282.88
2455,368.8
2456,368.25
2457,373.6
2458,374.44
2459,373.75
2460,368.63
2461,368.91
2462,361.76
2463,355.97
2464,280.91
2465,280.94
2466,295.03
2467,301.96
2468,32.65
2469,32.43
2470,33.39
2471,32.44
2472,32.44
2473,32.42
2474,32.41
2475,34.4
2476,34.08
2477,88.7
2478,281.91
2479,368.11
2480,367.93
2481,373.47
2482,374.43
2483,373.99
2484,368.89
2485,369.28
2486,362.15
2487,356.06
2488,280.95
2489,280.95
2490,294.58
2491,301.4
2492,32.45
2493,32.52
2494,33.44
2495,32.56
2496,32.57
2497,32.57
2498,32.57
2499,32.98
2500,32.96
2501,19.31
2502,12.37
2503,12.39
2504,12.43
2505,12.46
2506,13.27
2507,12.45
2508,12.55
2509,12.61
2510,12.61
2511,12.43
2512,12.41
2513,12.38
2514,23.05
2515,33.25
2516,33.02
2517,32.66
2518,33.46
2519,32.63
2520,32.6
2521,32.58
2522,32.58
2523,32.98
2524,32.93
2525,19.25
2526,12.34
2527,12.42
2528,12.51
2529,12.56
2530,13.35
2531,12.57
2532,12.68
2533,12.73
2534,12.7
2535,12.53
2536,12.52
2537,12.5
2538,23.14
2539,33.27
2540,33.02
2541,32.66
2542,33.44
2543,32.58
2544,32.57
2545,32.56
2546,32.56
2547,32.96
2548,32.93
2549,86.22
2550,281.02
2551,379.83
2552,384.68
2553,398.86
2554,412.08
2555,418.92
2556,411.31
2557,400.78
2558,370.53
2559,355.91
2560,280.99
2561,281.02
2562,291.62
2563,301.82
2564,32.69
2565,32.45
2566,33.38
2567,32.45
2568,32.44
2569,32.42
2570,32.4
2571,34.39
2572,34.06
2573,85.69
2574,282.13
2575,368.28
2576,368.06
2577,373.58
2578,374.39
2579,373.75
2580,368.56
2581,368.96
2582,361.81
2583,355.9
2584,280.88
2585,280.86
2586,291.07
2587,301.35
2588,32.39
2589,32.47
2590,33.41
2591,32.49
2592,32.47
2593,32.45
2594,32.43
2595,32.82
2596,32.79
2597,83.79
2598,281.37
2599,367.83
2600,367.8
2601,373.51
2602,382.02
2603,386.97
2604,391.18
2605,397.62
2606,387.53
2607,373.9
2608,294.45
2609,291.07
2610,295.19
2611,301.84
2612,32.79
2613,32.55
2614,33.46
2615,32.56
2616,32.54
2617,32.53
2618,32.52
2619,32.91
2620,32.89
2621,83.04
2622,281.15
2623,367.83
2624,367.85
2625,376.48
2626,389.21
2627,408.24
2628,419.97
2629,432.63
2630,433.95
2631,423.41
2632,338.81
2633,336.03
2634,342.29
2635,346.5
2636,33.12
2637,32.82
2638,33.68
2639,32.8
2640,32.78
2641,32.75
2642,32.74
2643,34.85
2644,34.52
2645,95.95
2646,289.43
2647,375.45
2648,375.48
2649,382.06
2650,383.82
2651,389.84
2652,398.19
2653,409.29
2654,412.89
2655,408.45
2656,315.52
2657,302.48
2658,311.55
2659,317.41
2660,32.69
2661,32.69
2662,33.56
2663,32.72
2664,32.7
2665,32.68
2666,32.65
2667,33.04
2668,32.98
2669,15.9
2670,12.41
2671,12.49
2672,12.58
2673,12.61
2674,13.43
2675,12.67
2676,12.79
2677,12.83
2678,12.82
2679,21.74
2680,36.75
2681,12.61
2682,23.25
2683,33.38
2684,33.1
2685,32.76
2686,33.55
2687,32.74
2688,32.73
2689,32.72
2690,32.71
2691,33.13
2692,33.1
2693,16.02
2694,12.53
2695,12.6
2696,12.69
2697,12.78
2698,13.56
2699,12.82
2700,12.92
2701,12.98
2702,49.47
2703,53.44
2704,41.11
2705,50.92
2706,32.47
2707,33.62
2708,33.3
2709,32.89
2710,33.63
2711,32.79
2712,32.75
2713,32.72
2714,32.7
2715,33.09
2716,33.04
2717,82.63
2718,293.71
2719,380.24
2720,385.43
2721,398.55
2722,402.53
2723,410.66
2724,408.0
2725,406.48
2726,398.24
2727,384.39
2728,297.62
2729,288.49
2730,292.16
2731,302.12
2732,32.84
2733,32.61
2734,33.52
2735,32.64
2736,32.63
2737,32.62
2738,32.62
2739,34.61
2740,34.29
2741,79.93
2742,281.06
2743,367.87
2744,368.16
2745,374.09
2746,375.24
2747,374.83
2748,373.45
2749,382.18
2750,389.15
2751,402.43
2752,342.14
2753,331.28
2754,318.0
2755,319.84
2756,32.66
2757,32.68
2758,33.55
2759,32.7
2760,32.7
2761,32.69
2762,32.67
2763,33.07
2764,33.03
2765,79.28
2766,287.05
2767,379.56
2768,391.67
2769,416.44
2770,439.67
2771,461.2
2772,465.9
2773,466.9
2774,463.24
2775,441.71
2776,333.32
2777,317.41
2778,312.83
2779,318.91
2780,33.0
2781,32.73
2782,33.6
2783,32.73
2784,32.71
2785,32.7
2786,32.67
2787,33.04
2788,33.01
2789,79.28
2790,281.09
2791,378.04
2792,395.39
2793,442.73
2794,563.56
2795,685.47
2796,772.79
2797,823.98
2798,847.96
2799,841.05
2800,717.43
2801,701.58
2802,662.33
2803,615.93
2804,33.57
2805,33.15
2806,33.96
2807,33.13
2808,33.09
2809,33.08
2810,33.06
2811,35.49
2812,35.04
2813,142.23
2814,349.7
2815,551.39
2816,633.68
2817,727.23
2818,816.89
2819,843.2
2820,832.83
2821,830.4
2822,829.89
2823,834.07
2824,689.51
2825,651.82
2826,628.17
2827,595.68
2828,39.08
2829,68.0
2830,34.0
2831,33.15
2832,33.09
2833,33.02
2834,32.96
2835,33.34
2836,33.22
2837,12.67
2838,12.54
2839,12.54
2840,12.56
2841,12.54
2842,13.32
2843,12.5
2844,12.57
2845,12.61
2846,12.58
2847,12.38
2848,12.36
2849,12.35
2850,19.59
2851,33.22
2852,33.0
2853,32.66
2854,33.48
2855,32.64
2856,32.64
2857,32.63
2858,32.63
2859,33.04
2860,33.01
2861,12.52
2862,12.42
2863,12.44
2864,12.48
2865,12.48
2866,13.25
2867,12.42
2868,12.5
2869,12.55
2870,12.54
2871,12.36
2872,12.36
2873,12.35
2874,19.6
2875,33.24
2876,33.03
2877,32.69
2878,33.5
2879,32.69
2880,32.69
2881,32.68
2882,32.67
2883,33.1
2884,33.04
2885,95.1
2886,297.01
2887,400.81
2888,434.87
2889,521.45
2890,592.29
2891,622.09
2892,660.51
2893,710.12
2894,737.4
2895,704.04
2896,560.76
2897,564.35
2898,529.03
2899,510.14
2900,33.46
2901,33.07
2902,33.88
2903,33.03
2904,32.99
2905,32.93
2906,32.91
2907,35.2
2908,31.39
2909,121.67
2910,307.27
2911,431.99
2912,512.44
2913,609.25
2914,698.05
2915,749.35
2916,778.62
2917,809.28
2918,818.02
2919,825.95
2920,712.36
2921,684.03
2922,665.2
2923,602.17
2924,84.89
2925,44.09
2926,54.03
2927,33.15
2928,33.11
2929,33.09
2930,33.04
2931,33.48
2932,30.02
2933,120.96
2934,336.6
2935,530.43
2936,618.65
2937,690.67
2938,746.86
2939,778.29
2940,789.98
2941,811.87
2942,817.6
2943,825.38
2944,726.95
2945,717.49
2946,687.91
2947,652.41
2948,93.07
2949,83.23
2950,67.26
2951,39.67
2952,33.19
2953,33.16
2954,33.12
2955,33.59
2956,30.11
2957,138.69
2958,350.62
2959,524.74
2960,594.89
2961,669.43
2962,746.87
2963,796.7
2964,823.67
2965,852.2
2966,883.9
2967,902.7
2968,784.64
2969,738.51
2970,696.17
2971,675.11
2972,109.48
2973,89.8
2974,79.18
2975,70.32
2976,72.4
2977,36.96
2978,33.19
2979,35.73
2980,31.91
2981,189.79
2982,400.57
2983,495.04
2984,474.08
2985,494.87
2986,536.83
2987,553.69
2988,501.76
2989,480.6
2990,495.08
2991,514.76
2992,428.14
2993,421.79
2994,395.09
2995,403.64
2996,32.83
2997,32.87
2998,33.73
2999,32.86
3000,32.82
3001,32.8
3002,32.77
3003,33.14
3004,29.64
3005,12.54
3006,12.47
3007,12.55
3008,12.62
3009,12.64
3010,13.44
3011,12.63
3012,12.72
3013,12.72
3014,12.65
3015,12.47
3016,12.44
3017,12.4
3018,16.21
3019,33.25
3020,33.01
3021,32.67
3022,33.48
3023,32.63
3024,32.62
3025,32.6
3026,32.59
3027,32.97
3028,29.51
3029,12.44
3030,12.35
3031,12.39
3032,12.45
3033,12.5
3034,13.31
3035,12.5
3036,12.58
3037,12.62
3038,12.59
3039,12.39
3040,12.39
3041,12.35
3042,16.14
3043,33.18
3044,32.95
3045,32.61
3046,33.43
3047,32.57
3048,32.55
3049,32.54
3050,32.54
3051,32.94
3052,29.49
3053,79.49
3054,281.1
3055,367.83
3056,367.97
3057,398.62
3058,393.26
3059,403.7
3060,411.86
3061,422.02
3062,416.66
3063,399.61
3064,313.55
3065,305.29
3066,303.04
3067,314.02
3068,32.94
3069,32.68
3070,33.56
3071,32.7
3072,32.68
3073,32.67
3074,32.67
3075,34.66
3076,30.91
3077,79.93
3078,283.12
3079,377.02
3080,389.4
3081,415.39
3082,451.75
3083,489.7
3084,510.18
3085,526.24
3086,554.78
3087,580.22
3088,474.04
3089,452.06
3090,425.87
3091,416.48
3092,32.94
3093,32.96
3094,33.8
3095,32.94
3096,32.91
3097,32.88
3098,32.86
3099,33.29
3100,29.83
3101,106.89
3102,314.65
3103,455.62
3104,519.24
3105,567.16
3106,596.94
3107,639.94
3108,673.01
3109,677.43
3110,681.99
3111,711.13
3112,597.43
3113,576.3
3114,551.26
3115,537.21
3116,33.44
3117,33.1
3118,33.95
3119,33.1
3120,33.07
3121,33.01
3122,32.96
3123,33.39
3124,26.47
3125,124.26
3126,322.91
3127,489.81
3128,570.17
3129,630.45
3130,676.03
3131,717.17
3132,762.33
3133,787.41
3134,753.45
3135,756.48
3136,662.35
3137,672.58
3138,668.08
3139,648.65
3140,61.46
3141,69.63
3142,34.0
3143,33.15
3144,33.11
3145,33.07
3146,33.06
3147,35.46
3148,28.17
3149,140.28
3150,356.94
3151,563.25
3152,662.59
3153,752.12
3154,821.0
3155,857.61
3156,841.98
3157,840.26
3158,835.02
3159,803.79
3160,587.47
3161,518.47
3162,489.88
3163,428.41
3164,32.91
3165,32.92
3166,33.73
3167,32.87
3168,32.85
3169,32.83
3170,32.81
3171,33.21
3172,26.32
3173,12.64
3174,12.56
3175,12.61
3176,12.69
3177,12.72
3178,13.53
3179,12.76
3180,12.85
3181,12.9
3182,21.6
3183,47.22
3184,42.07
3185,12.66
3186,16.52
3187,33.53
3188,33.25
3189,32.85
3190,33.62
3191,32.79
3192,32.76
3193,32.72
3194,32.69
3195,33.08
3196,26.19
3197,12.56
3198,12.5
3199,12.58
3200,12.67
3201,12.72
3202,13.51
3203,12.71
3204,12.8
3205,12.84
3206,12.84
3207,12.65
3208,12.62
3209,12.61
3210,16.49
3211,33.52
3212,33.22
3213,32.82
3214,33.57
3215,32.73
3216,32.71
3217,32.69
3218,32.67
3219,33.07
3220,26.18
3221,79.2
3222,299.06
3223,385.45
3224,397.75
3225,420.63
3226,442.51
3227,472.0
3228,496.15
3229,521.41
3230,530.44
3231,536.95
3232,408.31
3233,382.04
3234,371.9
3235,370.28
3236,33.11
3237,32.8
3238,33.68
3239,32.79
3240,32.77
3241,32.74
3242,32.71
3243,34.73
3244,27.57
3245,79.88
3246,298.49
3247,385.59
3248,393.23
3249,406.63
3250,411.68
3251,414.74
3252,411.02
3253,412.88
3254,407.76
3255,395.28
3256,310.51
3257,300.71
3258,292.89
3259,309.66
3260,32.66
3261,32.72
3262,33.61
3263,32.74
3264,32.72
3265,32.71
3266,32.71
3267,33.12
3268,26.25
3269,79.25
3270,281.07
3271,373.21
3272,376.14
3273,387.37
3274,395.6
3275,399.16
3276,397.87
3277,402.59
3278,393.87
3279,380.68
3280,301.2
3281,299.84
3282,297.18
3283,312.96
3284,32.95
3285,32.69
3286,33.57
3287,32.71
3288,32.72
3289,32.72
3290,32.72
3291,33.14
3292,26.27
3293,82.64
3294,284.28
3295,373.76
3296,377.67
3297,389.25
3298,397.22
3299,400.06
3300,397.34
3301,401.55
3302,397.28
3303,389.67
3304,310.33
3305,309.12
3306,306.66
3307,323.52
3308,33.06
3309,32.79
3310,33.65
3311,32.81
3312,32.81
3313,32.81
3314,32.81
3315,35.01
3316,27.85
3317,110.92
3318,320.29
3319,428.61
3320,460.34
3321,496.17
3322,551.53
3323,598.28
3324,607.91
3325,639.35
3326,676.6
3327,667.75
3328,559.76
3329,541.44
3330,505.01
3331,483.76
3332,33.02
3333,33.04
3334,33.88
3335,33.05
3336,32.97
3337,32.89
3338,32.85
3339,33.27
3340,26.39
3341,12.7
3342,12.59
3343,12.62
3344,12.67
3345,12.69
3346,13.42
3347,12.6
3348,12.68
3349,12.7
3350,12.65
3351,12.45
3352,12.42
3353,12.4
3354,12.82
3355,33.31
3356,33.08
3357,32.73
3358,33.54
3359,32.71
3360,32.71
3361,32.71
3362,32.7
3363,33.11
3364,22.81
3365,12.58
3366,12.47
3367,12.49
3368,12.52
3369,12.52
3370,13.31
3371,12.5
3372,12.58
3373,12.6
3374,12.57
3375,12.37
3376,12.35
3377,12.35
3378,12.81
3379,33.32
3380,33.11
3381,32.77
3382,33.58
3383,32.76
3384,32.74
3385,32.73
3386,32.73
3387,33.17
3388,22.87
3389,114.96
3390,307.08
3391,398.41
3392,399.24
3393,409.76
3394,424.86
3395,432.28
3396,426.0
3397,427.78
3398,416.64
3399,398.64
3400,316.39
3401,311.53
3402,311.54
3403,331.93
3404,33.04
3405,32.77
3406,33.63
3407,32.79
3408,32.78
3409,32.78
3410,32.79
3411,35.0
3412,24.39
3413,116.02
3414,315.07
3415,402.11
3416,409.75
3417,420.56
3418,428.6
3419,438.39
3420,443.5
3421,451.58
3422,443.47
3423,414.54
3424,322.44
3425,320.62
3426,316.54
3427,332.34
3428,32.73
3429,32.77
3430,33.6
3431,32.76
3432,32.76
3433,32.75
3434,32.75
3435,33.18
3436,22.89
3437,97.29
3438,301.34
3439,398.77
3440,411.47
3441,431.98
3442,453.03
3443,471.23
3444,475.04
3445,498.87
3446,531.23
3447,532.53
3448,414.05
3449,388.41
3450,353.99
3451,358.33
3452,33.15
3453,32.85
3454,33.68
3455,32.83
3456,32.82
3457,32.82
3458,32.79
3459,33.2
3460,22.91
3461,95.6
3462,291.21
3463,377.66
3464,378.9
3465,386.66
3466,389.14
3467,388.03
3468,385.01
3469,387.73
3470,381.84
3471,370.52
3472,290.83
3473,284.96
3474,281.52
3475,301.99
3476,32.92
3477,32.68
3478,33.55
3479,32.71
3480,32.71
3481,32.72
3482,32.73
3483,34.81
3484,24.21
3485,79.97
3486,284.5
3487,376.32
3488,381.1
3489,395.9
3490,407.69
3491,411.04
3492,416.43
3493,434.56
3494,441.55
3495,427.67
3496,341.55
3497,339.33
3498,336.25
3499,352.78
3500,32.82
3501,32.86
3502,33.69
3503,32.85
3504,32.83
3505,32.82
3506,32.81
3507,33.24
3508,22.95
3509,12.71
3510,12.58
3511,12.59
3512,12.62
3513,12.62
3514,13.4
3515,12.61
3516,12.66
3517,12.73
3518,12.76
3519,12.61
3520,12.58
3521,12.52
3522,12.93
3523,29.98
3524,33.17
3525,32.82
3526,33.63
3527,32.84
3528,32.82
3529,32.81
3530,32.79
3531,33.21
3532,22.91
3533,12.7
3534,12.62
3535,12.67
3536,12.74
3537,12.77
3538,13.51
3539,12.77
3540,12.88
3541,12.91
3542,28.58
3543,40.71
3544,40.78
3545,36.88
3546,13.17
3547,30.17
3548,33.31
3549,32.89
3550,33.64
3551,32.83
3552,32.82
3553,32.78
3554,32.73
3555,33.15
3556,22.87
3557,12.66
3558,12.61
3559,12.7
3560,12.79
3561,12.82
3562,13.6
3563,12.85
3564,12.94
3565,12.97
3566,12.86
3567,12.66
3568,36.55
3569,12.56
3570,12.93
3571,30.01
3572,33.2
3573,32.87
3574,33.65
3575,32.83
3576,32.81
3577,32.78
3578,32.76
3579,34.88
3580,24.24
3581,92.64
3582,286.82
3583,378.61
3584,392.03
3585,403.57
3586,417.64
3587,426.94
3588,431.49
3589,440.11
3590,444.95
3591,439.1
3592,352.0
3593,344.95
3594,332.54
3595,335.33
3596,32.69
3597,32.75
3598,33.63
3599,32.73
3600,32.71
3601,32.7
3602,32.67
3603,33.04
3604,22.74
3605,79.2
3606,281.0
3607,376.2
3608,378.65
3609,386.6
3610,399.32
3611,418.22
3612,431.57
3613,452.16
3614,484.08
3615,502.63
3616,397.26
3617,381.96
3618,363.1
3619,357.28
3620,33.09
3621,32.81
3622,33.7
3623,32.83
3624,32.83
3625,32.82
3626,32.82
3627,33.25
3628,22.95
3629,105.57
3630,305.55
3631,416.56
3632,454.81
3633,525.47
3634,584.47
3635,613.53
3636,633.8
3637,672.1
3638,712.94
3639,695.42
3640,592.75
3641,590.66
3642,551.39
3643,531.48
3644,33.47
3645,33.11
3646,33.92
3647,33.05
3648,33.02
3649,33.02
3650,33.01
3651,35.36
3652,24.7
3653,134.03
3654,334.08
3655,496.24
3656,573.72
3657,658.29
3658,735.7
3659,788.84
3660,820.98
3661,849.14
3662,871.03
3663,871.32
3664,741.78
3665,727.94
3666,707.0
3667,690.57
3668,68.07
3669,66.24
3670,43.61
3671,37.5
3672,33.17
3673,33.14
3674,33.13
3675,33.62
3676,23.32
3677,13.06
3678,12.93
3679,12.96
3680,12.98
3681,73.18
3682,42.61
3683,62.52
3684,83.99
3685,84.13
3686,99.92
3687,94.08
3688,105.28
3689,85.92
3690,101.08
3691,81.34
3692,90.85
3693,33.13
3694,33.87
3695,33.08
3696,33.07
3697,33.07
3698,33.07
3699,33.56
3700,23.25
3701,13.01
3702,12.89
3703,12.91
3704,12.95
3705,71.74
3706,39.97
3707,35.9
3708,57.72
3709,51.73
3710,50.75
3711,47.56
3712,42.84
3713,25.64
3714,13.11
3715,30.15
3716,33.3
3717,32.89
3718,33.63
3719,32.78
3720,32.76
3721,32.75
3722,32.74
3723,33.13
3724,22.82
3725,79.2
3726,293.82
3727,385.65
3728,399.02
3729,424.55
3730,450.9
3731,481.53
3732,491.66
3733,518.5
3734,553.8
3735,578.6
3736,475.33
3737,462.83
3738,438.12
3739,420.07
3740,33.24
3741,32.92
3742,33.78
3743,32.9
3744,32.88
3745,32.85
3746,32.83
3747,34.93
3748,24.31
3749,108.57
3750,299.3
3751,413.19
3752,444.94
3753,492.17
3754,538.47
3755,573.54
3756,603.45
3757,649.97
3758,679.41
3759,692.14
3760,598.33
3761,597.83
3762,582.36
3763,553.52
3764,33.1
3765,33.12
3766,33.93
3767,33.08
3768,33.07
3769,33.07
3770,33.05
3771,33.52
3772,23.23
3773,188.07
3774,384.42
3775,551.38
3776,619.78
3777,659.38
3778,719.06
3779,761.26
3780,733.37
3781,722.36
3782,765.27
3783,775.88
3784,644.21
3785,614.81
3786,578.44
3787,549.74
3788,33.48
3789,47.82
3790,33.95
3791,33.1
3792,33.06
3793,33.02
3794,32.98
3795,33.41
3796,23.13
3797,129.5
3798,330.03
3799,482.2
3800,544.91
3801,600.35
3802,624.64
3803,593.07
3804,567.04
3805,547.23
3806,529.23
3807,542.94
3808,434.98
3809,413.57
3810,392.25
3811,397.41
3812,33.27
3813,32.98
3814,33.83
3815,32.99
3816,32.99
3817,32.99
3818,33.01
3819,35.41
3820,24.83
3821,191.22
3822,394.63
3823,570.32
3824,606.69
3825,643.38
3826,730.6
3827,820.99
3828,848.66
3829,842.62
3830,837.09
3831,805.69
3832,703.61
3833,708.78
3834,678.01
3835,663.6
3836,33.2
3837,33.22
3838,34.01
3839,33.19
3840,33.17
3841,33.16
3842,33.12
3843,33.59
3844,23.29
3845,13.04
3846,12.95
3847,28.66
3848,78.74
3849,69.76
3850,81.38
3851,69.35
3852,86.77
3853,78.54
3854,103.52
3855,84.13
3856,91.03
3857,57.49
3858,47.04
3859,63.7
3860,33.44
3861,33.06
3862,33.82
3863,33.01
3864,32.98
3865,32.97
3866,32.96
3867,33.41
3868,23.12
3869,12.91
3870,12.82
3871,12.87
3872,12.92
3873,12.93
3874,13.66
3875,12.85
3876,26.15
3877,12.87
3878,12.86
3879,12.66
3880,12.61
3881,12.6
3882,13.06
3883,26.7
3884,33.29
3885,32.91
3886,33.69
3887,32.87
3888,32.86
3889,32.83
3890,32.82
3891,33.27
3892,19.57
3893,108.2
3894,309.13
3895,428.27
3896,470.76
3897,517.15
3898,560.19
3899,587.51
3900,621.37
3901,643.58
3902,671.96
3903,693.82
3904,587.84
3905,572.48
3906,503.5
3907,410.05
3908,33.24
3909,32.93
3910,33.8
3911,32.93
3912,32.91
3913,32.9
3914,32.89
3915,35.03
3916,20.98
3917,104.3
3918,307.16
3919,436.05
3920,482.7
3921,528.36
3922,587.37
3923,627.88
3924,649.83
3925,666.4
3926,687.5
3927,659.93
3928,498.89
3929,471.94
3930,446.77
3931,442.4
3932,33.0
3933,33.04
3934,33.89
3935,33.05
3936,33.04
3937,33.03
3938,33.03
3939,33.5
3940,19.75
3941,122.07
3942,318.38
3943,444.71
3944,467.94
3945,492.12
3946,511.79
3947,508.58
3948,497.85
3949,502.24
3950,497.26
3951,474.9
3952,378.91
3953,373.04
3954,366.72
3955,379.18
3956,33.22
3957,32.92
3958,33.77
3959,32.94
3960,32.94
3961,32.95
3962,32.95
3963,33.41
3964,19.7
3965,147.55
3966,352.24
3967,474.95
3968,484.57
3969,518.69
3970,561.9
3971,596.6
3972,618.16
3973,654.08
3974,692.54
3975,674.11
3976,542.42
3977,532.05
3978,487.61
3979,465.42
3980,33.35
3981,33.01
3982,33.82
3983,32.97
3984,32.95
3985,32.95
3986,32.94
3987,35.2
3988,21.18
3989,146.34
3990,340.73
3991,468.77
3992,510.52
3993,604.77
3994,683.19
3995,728.93
3996,730.26
3997,743.19
3998,766.25
3999,775.58
4000,641.55
4001,590.39
4002,541.92
4003,508.38
4004,40.99
4005,64.24
4006,33.91
4007,33.07
4008,33.05
4009,33.02
4010,33.01
4011,33.48
4012,19.78
4013,12.97
4014,12.87
4015,12.94
4016,13.01
4017,36.15
4018,72.83
4019,67.89
4020,77.58
4021,104.2
4022,86.38
4023,109.95
4024,84.49
4025,98.86
4026,65.74
4027,76.35
4028,66.92
4029,33.11
4030,33.86
4031,33.08
4032,33.06
4033,33.04
4034,33.03
4035,33.51
4036,19.79
4037,12.96
4038,12.85
4039,12.92
4040,34.05
4041,59.99
4042,78.84
4043,84.82
4044,85.42
4045,90.12
4046,96.16
4047,91.59
4048,83.44
4049,61.94
4050,55.44
4051,43.86
4052,39.57
4053,33.08
4054,33.85
4055,33.07
4056,33.06
4057,33.05
4058,33.05
4059,33.53
4060,23.22
4061,185.79
4062,404.66
4063,570.13
4064,621.33
4065,702.03
4066,777.87
4067,810.31
4068,846.18
4069,882.87
4070,868.61
4071,694.75
4072,475.57
4073,510.76
4074,533.39
4075,518.49
4076,33.42
4077,33.09
4078,33.91
4079,33.09
4080,33.08
4081,33.06
4082,33.03
4083,35.35
4084,24.74
4085,154.7
4086,359.53
4087,529.79
4088,590.78
4089,637.86
4090,683.12
4091,702.23
4092,708.18
4093,715.86
4094,725.66
4095,744.13
4096,628.14
4097,615.06
4098,586.37
4099,568.89
4100,33.14
4101,33.17
4102,33.98
4103,33.17
4104,33.16
4105,33.14
4106,33.13
4107,33.63
4108,23.32
4109,181.11
4110,382.41
4111,523.86
4112,546.17
4113,566.95
4114,606.07
4115,626.89
4116,639.32
4117,670.3
4118,699.55
4119,744.95
4120,661.68
4121,677.62
4122,689.08
4123,653.31
4124,33.53
4125,72.39
4126,34.0
4127,33.18
4128,33.14
4129,33.11
4130,33.09
4131,33.55
4132,23.23
4133,186.63
4134,417.1
4135,667.87
4136,741.64
4137,779.45
4138,817.24
4139,852.85
4140,871.03
4141,868.52
4142,864.87
4143,862.85
4144,744.96
4145,697.73
4146,661.05
4147,641.98
4148,97.21
4149,92.11
4150,34.04
4151,72.06
4152,33.19
4153,33.18
4154,33.17
4155,35.67
4156,25.04
4157,241.12
4158,476.25
4159,664.99
4160,702.04
4161,733.59
4162,792.2
4163,841.53
4164,843.28
4165,866.71
4166,900.27
4167,865.63
4168,703.24
4169,665.17
4170,630.8
4171,616.06
4172,92.12
4173,82.23
4174,69.45
4175,45.96
4176,33.17
4177,33.13
4178,33.1
4179,33.56
4180,23.24
4181,13.02
4182,12.93
4183,31.32
4184,30.8
4185,60.5
4186,65.85
4187,56.24
4188,61.71
4189,81.65
4190,73.5
4191,77.78
4192,80.8
4193,85.02
4194,66.05
4195,66.92
4196,56.36
4197,33.14
4198,33.87
4199,33.08
4200,33.06
4201,33.03
4202,33.02
4203,33.47
4204,23.14
4205,12.91
4206,12.83
4207,17.9
4208,22.43
4209,28.04
4210,39.7
4211,55.22
4212,67.23
4213,69.05
4214,75.67
4215,79.1
4216,62.99
4217,65.78
4218,56.35
4219,60.3
4220,55.38
4221,33.1
4222,33.85
4223,33.05
4224,33.02
4225,33.0
4226,32.98
4227,33.44
4228,23.14
4229,130.99
4230,349.84
4231,545.72
4232,620.75
4233,683.88
4234,728.3
4235,754.43
4236,750.71
4237,775.63
4238,812.24
4239,848.61
4240,703.3
4241,662.28
4242,651.67
4243,647.42
4244,97.5
4245,33.24
4246,70.83
4247,33.2
4248,33.18
4249,33.16
4250,33.14
4251,35.62
4252,24.99
4253,172.3
4254,404.9
4255,630.94
4256,694.16
4257,755.32
4258,831.88
4259,883.66
4260,889.33
4261,921.92
4262,941.07
4263,912.4
4264,796.9
4265,764.54
4266,758.42
4267,762.46
4268,107.0
4269,98.31
4270,71.86
4271,58.52
4272,43.69
4273,37.97
4274,33.19
4275,33.68
4276,23.37
4277,233.71
4278,497.27
4279,707.06
4280,759.18
4281,781.52
4282,820.58
4283,868.78
4284,878.32
4285,879.96
4286,904.91
4287,918.59
4288,805.83
4289,797.22
4290,777.89
4291,764.31
4292,117.34
4293,111.51
4294,99.35
4295,93.04
4296,87.78
4297,77.25
4298,58.25
4299,69.94
4300,23.46
4301,277.99
4302,477.27
4303,640.19
4304,681.12
4305,727.59
4306,801.8
4307,872.54
4308,933.58
4309,965.85
4310,970.81
4311,1000.0
4312,924.15
4313,918.48
4314,878.19
4315,834.35
4316,139.44
4317,109.89
4318,85.76
4319,76.95
4320,81.7
4321,60.92
4322,49.34
4323,35.7
4324,25.05
4325,256.61
4326,538.34
4327,765.4
4328,776.03
4329,790.12
4330,822.3
4331,867.65
4332,880.86
4333,895.51
4334,911.23
4335,929.86
4336,830.95
4337,807.14
4338,766.58
4339,739.37
4340,102.68
4341,94.98
4342,75.63
4343,71.64
4344,29.2
4345,20.65
4346,20.63
4347,21.09
4348,10.78
4349,0.54
4350,0.44
4351,0.48
4352,17.79
4353,10.71
4354,38.53
4355,47.89
4356,60.73
4357,71.24
4358,63.31
4359,83.15
4360,73.84
4361,80.64
4362,70.2
4363,80.93
4364,65.34
4365,49.75
4366,38.02
4367,25.57
4368,20.68
4369,20.66
4370,20.64
4371,21.13
4372,10.81
4373,0.55
4374,0.43
4375,5.79
4376,10.7
4377,47.08
4378,52.45
4379,55.72
4380,77.7
4381,76.75
4382,77.44
4383,56.51
4384,52.5
4385,56.35
4386,40.44
4387,14.41
4388,41.24
4389,20.61
4390,21.38
4391,20.61
4392,20.61
4393,20.61
4394,20.6
4395,21.08
4396,10.76
4397,174.48
4398,176.45
4399,313.6
4400,319.59
4401,343.22
4402,363.73
4403,375.33
4404,382.25
4405,390.24
4406,390.88
4407,392.15
4408,353.62
4409,267.5
4410,260.48
4411,180.56
4412,20.94
4413,20.6
4414,21.42
4415,20.62
4416,20.62
4417,20.6
4418,20.58
4419,21.06
4420,10.75
4421,0.5
4422,0.4
4423,0.45
4424,0.5
4425,0.55
4426,1.3
4427,23.73
4428,50.16
4429,52.46
4430,71.75
4431,64.22
4432,59.35
4433,46.9
4434,40.2
4435,31.78
4436,20.97
4437,20.59
4438,21.36
4439,20.58
4440,20.58
4441,20.58
4442,20.57
4443,21.06
4444,10.77
4445,161.66
4446,156.97
4447,285.26
4448,291.51
4449,300.65
4450,307.03
4451,313.96
4452,316.96
4453,321.84
4454,314.03
4455,305.8
4456,267.47
4457,261.88
4458,261.66
4459,185.43
4460,20.86
4461,20.55
4462,21.36
4463,20.55
4464,20.54
4465,20.54
4466,20.55
4467,21.03
4468,10.72
4469,170.59
4470,168.98
4471,305.15
4472,323.27
4473,357.94
4474,380.44
4475,415.29
4476,458.78
4477,526.12
4478,600.82
4479,639.58
4480,577.71
4481,354.27
4482,322.13
4483,240.7
4484,21.07
4485,20.71
4486,21.48
4487,20.67
4488,20.66
4489,20.65
4490,20.65
4491,23.17
4492,12.53
4493,219.35
4494,241.74
4495,458.34
4496,535.82
4497,617.28
4498,687.44
4499,644.73
4500,511.32
4501,436.38
4502,433.14
4503,506.54
4504,543.01
4505,390.26
4506,367.4
4507,260.23
4508,20.76
4509,20.74
4510,21.51
4511,20.7
4512,20.68
4513,20.66
4514,20.66
4515,21.16
4516,10.85
4517,0.61
4518,0.52
4519,0.54
4520,0.58
4521,0.61
4522,79.65
4523,95.67
4524,96.34
4525,91.35
4526,108.26
4527,102.69
4528,110.88
4529,97.1
4530,100.44
4531,88.33
4532,112.22
4533,73.68
4534,82.54
4535,20.77
4536,40.12
4537,20.7
4538,20.67
4539,21.15
4540,10.82
4541,0.59
4542,16.16
4543,16.41
4544,27.86
4545,56.79
4546,45.9
4547,65.13
4548,75.55
4549,75.8
4550,90.66
4551,88.75
4552,102.6
4553,93.86
4554,95.05
4555,80.82
4556,82.42
4557,56.12
4558,64.4
4559,34.67
4560,20.68
4561,20.63
4562,20.6
4563,21.06
4564,10.76
4565,118.69
4566,126.03
4567,322.31
4568,373.16
4569,409.79
4570,447.66
4571,480.57
4572,485.05
4573,507.7
4574,523.96
4575,517.92
4576,465.12
4577,336.57
4578,331.75
4579,234.86
4580,21.15
4581,57.14
4582,21.56
4583,20.73
4584,20.7
4585,20.68
4586,20.67
4587,23.14
4588,12.47
4589,130.76
4590,140.82
4591,357.57
4592,400.86
4593,439.38
4594,491.93
4595,530.66
4596,525.88
4597,554.23
4598,563.68
4599,565.37
4600,512.9
4601,347.88
4602,328.31
4603,224.25
4604,34.5
4605,43.48
4606,21.56
4607,20.71
4608,20.69
4609,20.67
4610,20.64
4611,21.1
4612,14.21
4613,130.57
4614,139.27
4615,337.94
4616,397.27
4617,451.7
4618,472.85
4619,468.39
4620,479.57
4621,478.27
4622,454.41
4623,456.45
4624,435.25
4625,287.85
4626,267.77
4627,191.98
4628,21.06
4629,20.71
4630,21.55
4631,20.72
4632,20.7
4633,20.71
4634,20.72
4635,21.25
4636,14.33
4637,180.23
4638,180.98
4639,317.53
4640,307.54
4641,307.3
4642,350.09
4643,419.17
4644,470.79
4645,524.17
4646,555.91
4647,564.68
4648,531.72
4649,369.11
4650,345.19
4651,247.4
4652,21.13
4653,20.73
4654,21.5
4655,20.69
4656,20.66
4657,20.65
4658,20.64
4659,23.07
4660,15.85
4661,178.03
4662,173.31
4663,329.94
4664,367.62
4665,409.13
4666,432.71
4667,477.04
4668,495.87
4669,536.69
4670,536.23
4671,525.74
4672,488.09
4673,342.27
4674,337.69
4675,253.8
4676,20.77
4677,20.77
4678,21.54
4679,20.7
4680,20.68
4681,20.64
4682,20.61
4683,21.07
4684,14.17
4685,0.52
4686,0.44
4687,0.52
4688,18.57
4689,34.61
4690,45.13
4691,55.49
4692,54.91
4693,87.0
4694,81.46
4695,102.63
4696,90.21
4697,110.73
4698,87.37
4699,98.38
4700,59.59
4701,67.17
4702,66.62
4703,37.07
4704,20.67
4705,20.64
4706,20.61
4707,21.08
4708,14.18
4709,0.54
4710,0.47
4711,19.09
4712,29.05
4713,49.85
4714,89.42
4715,73.88
4716,106.08
4717,92.28
4718,129.08
4719,104.37
4720,130.9
4721,103.39
4722,120.85
4723,96.59
4724,105.1
4725,94.19
4726,72.73
4727,37.77
4728,26.7
4729,20.68
4730,20.66
4731,21.17
4732,14.29
4733,176.8
4734,209.99
4735,450.49
4736,537.78
4737,609.98
4738,682.44
4739,726.75
4740,760.24
4741,848.3
4742,824.98
4743,757.13
4744,701.14
4745,478.38
4746,442.75
4747,345.49
4748,92.3
4749,103.2
4750,90.35
4751,52.21
4752,79.05
4753,20.79
4754,20.77
4755,23.35
4756,16.09
4757,186.17
4758,265.01
4759,506.51
4760,593.05
4761,666.0
4762,704.36
4763,745.29
4764,771.57
4765,792.17
4766,809.06
4767,793.9
4768,722.77
4769,486.65
4770,449.42
4771,351.56
4772,106.75
4773,112.74
4774,81.67
4775,90.38
4776,86.7
4777,73.99
4778,28.52
4779,67.52
4780,14.45
4781,224.74
4782,375.42
4783,614.54
4784,693.46
4785,783.89
4786,877.16
4787,953.21
4788,962.71
4789,958.39
4790,958.99
4791,955.69
4792,903.42
4793,629.76
4794,572.57
4795,368.95
4796,89.33
4797,84.05
4798,89.1
4799,80.55
4800,40.63
4801,38.23
4802,20.79
4803,21.3
4804,14.43
4805,235.89
4806,405.83
4807,643.14
4808,732.78
4809,824.14
4810,912.33
4811,950.97
4812,955.54
4813,980.31
4814,936.38
4815,896.35
4816,856.62
4817,586.51
4818,551.5
4819,450.85
4820,148.89
4821,136.81
4822,151.79
4823,99.4
4824,95.23
4825,92.12
4826,80.97
4827,71.63
4828,79.12
4829,243.07
4830,418.41
4831,685.19
4832,793.81
4833,890.39
4834,933.95
4835,957.58
4836,980.39
4837,965.97
4838,877.7
4839,878.12
4840,834.08
4841,453.83
4842,349.1
4843,296.09
4844,66.69
4845,44.79
4846,97.23
4847,48.65
4848,20.83
4849,20.81
4850,20.79
4851,21.31
4852,14.42
4853,0.75
4854,77.3
4855,44.23
4856,61.93
4857,69.46
4858,108.12
4859,91.98
4860,120.12
4861,101.93
4862,138.16
4863,101.93
4864,101.92
4865,72.03
4866,70.96
4867,83.94
4868,54.79
4869,64.64
4870,81.39
4871,20.74
4872,20.74
4873,49.08
4874,20.75
4875,21.27
4876,14.39
4877,0.71
4878,75.9
4879,85.05
4880,78.34
4881,67.04
4882,85.06
4883,131.06
4884,123.19
4885,152.0
4886,164.21
4887,185.56
4888,117.61
4889,84.12
4890,69.2
4891,76.11
4892,76.5
4893,20.7
4894,21.45
4895,20.68
4896,20.68
4897,20.68
4898,20.68
4899,21.19
4900,14.31
4901,156.63
4902,153.73
4903,344.36
4904,385.95
4905,435.45
4906,468.93
4907,488.51
4908,514.92
4909,545.54
4910,570.64
4911,584.15
4912,535.29
4913,371.36
4914,352.51
4915,258.12
4916,74.28
4917,63.15
4918,27.71
4919,20.77
4920,20.76
4921,20.75
4922,20.7
4923,23.13
4924,19.29
4925,186.16
4926,190.53
4927,328.88
4928,360.96
4929,416.92
4930,461.4
4931,479.99
4932,466.33
4933,458.27
4934,443.87
4935,472.68
4936,485.29
4937,350.34
4938,349.62
4939,266.91
4940,20.78
4941,20.76
4942,21.51
4943,20.71
4944,20.7
4945,20.68
4946,20.68
4947,21.19
4948,17.74
4949,220.17
4950,249.85
4951,474.38
4952,533.12
4953,552.77
4954,588.67
4955,629.08
4956,630.54
4957,578.25
4958,514.48
4959,492.64
4960,454.04
4961,318.77
4962,304.33
4963,217.45
4964,20.99
4965,20.64
4966,21.43
4967,20.63
4968,20.62
4969,20.62
4970,20.61
4971,21.09
4972,17.62
4973,167.13
4974,163.29
4975,298.25
4976,311.27
4977,340.96
4978,354.98
4979,363.96
4980,381.28
4981,402.89
4982,407.58
4983,402.41
4984,371.05
4985,280.39
4986,274.12
4987,191.11
4988,21.01
4989,20.64
4990,21.45
4991,20.61
4992,20.61
4993,20.58
4994,20.56
4995,22.92
4996,19.12
4997,138.48
4998,128.63
4999,274.53
5000,321.22
5001,372.72
5002,403.2
5003,431.93
5004,447.28
5005,455.14
5006,462.38
5007,464.82
5008,419.72
5009,305.18
5010,286.67
5011,198.17
5012,20.69
5013,20.7
5014,21.51
5015,20.7
5016,20.68
5017,20.68
5018,20.69
5019,21.17
5020,17.69
5021,0.55
5022,0.39
5023,0.4
5024,0.43
5025,0.4
5026,1.16
5027,0.4
5028,0.45
5029,0.41
5030,0.4
5031,0.28
5032,47.71
5033,37.65
5034,0.82
5035,17.86
5036,20.99
5037,20.63
5038,21.38
5039,20.61
5040,20.6
5041,20.58
5042,20.57
5043,21.06
5044,17.59
5045,0.5
5046,0.39
5047,0.43
5048,7.75
5049,13.89
5050,39.82
5051,49.54
5052,61.01
5053,60.76
5054,79.19
5055,73.84
5056,77.78
5057,64.04
5058,62.05
5059,61.94
5060,35.63
5061,20.65
5062,21.41
5063,20.64
5064,20.63
5065,20.63
5066,20.63
5067,21.12
5068,17.66
5069,173.69
5070,176.36
5071,365.45
5072,424.09
5073,435.56
5074,454.33
5075,529.35
5076,592.83
5077,622.36
5078,628.45
5079,670.18
5080,616.93
5081,397.64
5082,376.92
5083,278.63
5084,52.85
5085,55.43
5086,21.6
5087,20.8
5088,20.79
5089,20.79
5090,20.79
5091,23.45
5092,19.64
5093,250.14
5094,382.53
5095,595.29
5096,645.26
5097,684.04
5098,731.37
5099,795.77
5100,851.61
5101,874.39
5102,863.07
5103,854.64
5104,801.4
5105,535.75
5106,513.73
5107,425.44
5108,99.95
5109,119.77
5110,116.05
5111,100.65
5112,70.17
5113,72.05
5114,74.34
5115,57.88
5116,17.9
5117,267.96
5118,431.73
5119,651.87
5120,711.29
5121,763.56
5122,802.94
5123,823.34
5124,842.1
5125,837.18
5126,792.23
5127,742.52
5128,662.09
5129,394.46
5130,355.99
5131,274.7
5132,21.2
5133,92.41
5134,33.42
5135,20.79
5136,20.77
5137,20.76
5138,20.76
5139,21.28
5140,17.84
5141,230.32
5142,347.79
5143,553.25
5144,598.31
5145,641.05
5146,680.76
5147,716.28
5148,743.53
5149,748.08
5150,730.78
5151,705.43
5152,642.2
5153,411.34
5154,387.46
5155,300.47
5156,21.24
5157,20.84
5158,31.21
5159,36.38
5160,20.83
5161,43.18
5162,20.81
5163,23.47
5164,23.06
5165,242.45
5166,361.24
5167,561.89
5168,601.46
5169,638.22
5170,665.55
5171,685.27
5172,695.07
5173,702.66
5174,701.03
5175,696.55
5176,644.35
5177,431.24
5178,422.15
5179,337.38
5180,35.25
5181,82.72
5182,21.61
5183,20.8
5184,20.77
5185,20.75
5186,20.74
5187,21.26
5188,21.23
5189,0.73
5190,19.58
5191,40.85
5192,95.38
5193,80.62
5194,115.05
5195,102.93
5196,130.04
5197,114.4
5198,146.59
5199,131.29
5200,146.8
5201,124.67
5202,136.57
5203,127.78
5204,143.08
5205,101.46
5206,108.58
5207,93.52
5208,75.8
5209,74.51
5210,57.15
5211,46.59
5212,21.24
5213,24.37
5214,47.83
5215,43.58
5216,57.6
5217,92.87
5218,98.09
5219,101.97
5220,121.0
5221,109.52
5222,99.27
5223,90.29
5224,82.72
5225,78.04
5226,79.5
5227,73.15
5228,66.37
5229,74.38
5230,38.7
5231,20.69
5232,20.65
5233,20.62
5234,20.59
5235,21.04
5236,21.01
5237,115.56
5238,117.47
5239,281.05
5240,316.52
5241,347.2
5242,368.52
5243,391.15
5244,411.37
5245,431.12
5246,455.82
5247,482.83
5248,456.93
5249,312.99
5250,304.21
5251,227.04
5252,21.12
5253,20.74
5254,21.56
5255,20.74
5256,20.74
5257,20.73
5258,20.73
5259,23.32
5260,22.95
5261,211.35
5262,281.33
5263,502.69
5264,562.86
5265,613.08
5266,633.88
5267,637.75
5268,630.54
5269,626.62
5270,619.07
5271,613.2
5272,547.8
5273,364.03
5274,333.2
5275,243.88
5276,66.67
5277,57.45
5278,37.65
5279,54.12
5280,20.8
5281,20.77
5282,20.75
5283,21.26
5284,21.22
5285,157.96
5286,233.69
5287,415.37
5288,443.91
5289,469.15
5290,487.6
5291,497.51
5292,502.65
5293,517.0
5294,528.96
5295,540.19
5296,506.24
5297,357.82
5298,351.05
5299,261.64
5300,72.31
5301,29.66
5302,44.53
5303,20.78
5304,20.76
5305,20.76
5306,20.76
5307,21.28
5308,21.26
5309,206.35
5310,306.32
5311,533.74
5312,619.2
5313,702.3
5314,767.83
5315,805.33
5316,835.26
5317,791.95
5318,664.63
5319,529.05
5320,436.29
5321,303.01
5322,302.79
5323,230.57
5324,21.09
5325,20.72
5326,21.52
5327,20.73
5328,20.73
5329,20.73
5330,20.72
5331,23.28
5332,22.91
5333,215.12
5334,264.69
5335,439.57
5336,433.82
5337,424.94
5338,402.66
5339,371.51
5340,335.36
5341,315.71
5342,300.47
5343,286.84
5344,243.09
5345,227.48
5346,226.43
5347,152.33
5348,20.43
5349,20.48
5350,21.31
5351,20.48
5352,20.48
5353,20.47
5354,20.45
5355,20.89
5356,20.85
5357,0.34
5358,0.21
5359,0.21
5360,0.23
5361,0.2
5362,0.97
5363,0.17
5364,0.24
5365,0.25
5366,0.22
5367,0.02
5368,0.01
5369,0.0
5370,3.85
5371,20.91
5372,20.66
5373,20.33
5374,21.14
5375,20.33
5376,20.33
5377,20.33
5378,20.33
5379,20.76
5380,20.75
5381,0.28
5382,0.2
5383,0.25
5384,0.32
5385,0.34
5386,1.12
5387,0.36
5388,0.46
5389,0.51
5390,0.52
5391,26.82
5392,32.91
5393,19.01
5394,13.64
5395,21.31
5396,20.98
5397,20.57
5398,21.31
5399,20.51
5400,20.49
5401,20.47
5402,20.47
5403,20.93
5404,20.91
5405,123.66
5406,128.2
5407,271.89
5408,297.44
5409,343.44
5410,382.95
5411,422.34
5412,457.54
5413,466.4
5414,439.44
5415,415.43
5416,363.11
5417,269.18
5418,266.34
5419,187.27
5420,20.97
5421,20.62
5422,21.42
5423,20.58
5424,20.54
5425,20.51
5426,20.48
5427,22.74
5428,22.39
5429,108.21
5430,99.31
5431,234.89
5432,240.08
5433,251.48
5434,259.98
5435,273.49
5436,289.89
5437,297.09
5438,287.67
5439,279.29
5440,228.53
5441,203.09
5442,197.13
5443,118.02
5444,20.32
5445,20.38
5446,21.25
5447,20.4
5448,20.41
5449,20.4
5450,20.38
5451,20.8
5452,20.78
5453,92.1
5454,91.71
5455,230.87
5456,239.91
5457,258.53
5458,280.69
5459,301.92
5460,322.08
5461,337.47
5462,337.15
5463,338.2
5464,300.07
5465,232.29
5466,229.55
5467,150.45
5468,20.82
5469,20.49
5470,21.32
5471,20.45
5472,20.42
5473,20.4
5474,20.38
5475,20.8
5476,20.78
5477,89.98
5478,90.06
5479,229.28
5480,238.64
5481,258.0
5482,279.88
5483,301.33
5484,320.17
5485,332.97
5486,330.73
5487,330.13
5488,291.96
5489,233.53
5490,230.41
5491,156.46
5492,20.83
5493,20.5
5494,21.35
5495,20.5
5496,20.5
5497,20.49
5498,20.48
5499,22.77
5500,22.41
5501,98.74
5502,93.93
5503,230.58
5504,240.86
5505,256.27
5506,263.26
5507,262.83
5508,259.37
5509,264.86
5510,264.38
5511,262.44
5512,228.57
5513,225.88
5514,232.03
5515,154.62
5516,20.43
5517,20.47
5518,21.32
5519,20.5
5520,20.51
5521,20.51
5522,20.51
5523,20.99
5524,20.95
5525,3.86
5526,0.3
5527,0.34
5528,0.43
5529,0.48
5530,1.24
5531,0.49
5532,13.81
5533,52.75
5534,67.55
5535,66.13
5536,69.16
5537,56.56
5538,48.57
5539,29.1
5540,21.01
5541,20.62
5542,21.38
5543,20.6
5544,20.59
5545,20.58
5546,20.56
5547,21.03
5548,21.0
5549,3.93
5550,0.39
5551,0.44
5552,0.5
5553,0.54
5554,32.44
5555,61.36
5556,65.87
5557,72.31
5558,63.88
5559,68.45
5560,55.2
5561,60.86
5562,43.75
5563,61.01
5564,21.04
5565,20.66
5566,21.41
5567,20.63
5568,20.62
5569,20.61
5570,20.6
5571,21.09
5572,21.06
5573,169.08
5574,166.19
5575,310.24
5576,323.61
5577,335.74
5578,356.57
5579,385.93
5580,410.72
5581,434.85
5582,451.8
5583,472.72
5584,439.28
5585,300.57
5586,293.4
5587,208.72
5588,21.06
5589,20.69
5590,21.49
5591,20.66
5592,20.63
5593,20.6
5594,20.58
5595,22.94
5596,22.59
5597,159.45
5598,155.09
5599,317.38
5600,386.45
5601,452.58
5602,489.84
5603,507.35
5604,518.73
5605,528.58
5606,531.0
5607,531.18
5608,478.84
5609,319.54
5610,308.03
5611,214.09
5612,20.7
5613,20.7
5614,21.5
5615,20.67
5616,20.65
5617,20.63
5618,20.62
5619,21.09
5620,21.05
5621,163.88
5622,157.15
5623,299.25
5624,339.43
5625,394.94
5626,431.81
5627,454.04
5628,467.61
5629,481.78
5630,492.74
5631,503.92
5632,459.17
5633,296.84
5634,290.47
5635,211.93
5636,21.04
5637,20.69
5638,21.5
5639,20.69
5640,20.69
5641,20.69
5642,20.68
5643,21.2
5644,21.17
5645,204.81
5646,233.57
5647,418.55
5648,441.83
5649,459.26
5650,493.35
5651,539.57
5652,579.01
5653,600.96
5654,590.65
5655,572.18
5656,519.69
5657,346.09
5658,344.96
5659,256.17
5660,21.15
5661,20.77
5662,21.53
5663,20.74
5664,20.73
5665,20.72
5666,20.72
5667,23.31
5668,22.93
5669,236.45
5670,288.31
5671,494.58
5672,542.95
5673,585.15
5674,636.59
5675,686.78
5676,731.82
5677,758.05
5678,772.25
5679,789.78
5680,740.11
5681,491.38
5682,469.12
5683,366.51
5684,79.54
5685,48.35
5686,75.29
5687,20.83
5688,20.8
5689,20.77
5690,20.75
5691,21.25
5692,21.18
5693,7.49
5694,0.48
5695,0.49
5696,0.51
5697,43.97
5698,25.85
5699,69.57
5700,68.54
5701,77.06
5702,78.65
5703,82.64
5704,76.89
5705,76.54
5706,76.92
5707,69.74
5708,47.52
5709,20.69
5710,21.44
5711,20.68
5712,20.67
5713,20.68
5714,20.69
5715,21.22
5716,21.2
5717,7.53
5718,0.55
5719,78.62
5720,51.85
5721,86.83
5722,75.36
5723,129.46
5724,105.75
5725,129.55
5726,107.94
5727,126.13
5728,100.35
5729,115.96
5730,82.37
5731,113.17
5732,92.66
5733,84.25
5734,51.85
5735,61.32
5736,20.72
5737,20.72
5738,20.71
5739,21.24
5740,21.2
5741,224.48
5742,278.03
5743,495.19
5744,551.43
5745,602.6
5746,649.25
5747,693.38
5748,721.32
5749,729.89
5750,724.69
5751,716.47
5752,658.23
5753,413.66
5754,391.62
5755,285.63
5756,28.58
5757,48.12
5758,21.57
5759,20.77
5760,20.76
5761,20.76
5762,20.76
5763,23.4
5764,23.03
5765,243.77
5766,357.24
5767,561.56
5768,602.61
5769,638.94
5770,666.53
5771,701.59
5772,718.47
5773,727.96
5774,719.32
5775,707.38
5776,628.28
5777,382.13
5778,345.61
5779,245.0
5780,20.76
5781,20.77
5782,21.56
5783,20.78
5784,20.78
5785,20.78
5786,20.76
5787,21.28
5788,21.24
5789,241.33
5790,320.72
5791,531.78
5792,569.56
5793,609.34
5794,657.19
5795,710.31
5796,749.13
5797,769.2
5798,772.7
5799,774.52
5800,713.22
5801,464.27
5802,440.91
5803,332.57
5804,81.57
5805,63.29
5806,55.04
5807,38.91
5808,20.79
5809,20.77
5810,20.75
5811,21.27
5812,21.23
5813,195.92
5814,253.51
5815,446.56
5816,478.87
5817,509.96
5818,535.83
5819,562.34
5820,578.34
5821,584.37
5822,574.94
5823,564.51
5824,501.11
5825,311.73
5826,290.9
5827,198.14
5828,21.07
5829,20.72
5830,21.54
5831,20.74
5832,20.74
5833,20.74
5834,20.73
5835,23.32
5836,22.95
5837,217.34
5838,237.53
5839,417.78
5840,453.42
5841,477.05
5842,511.93
5843,545.45
5844,571.93
5845,593.15
5846,563.06
5847,506.13
5848,433.2
5849,299.17
5850,299.67
5851,204.35
5852,20.72
5853,20.73
5854,21.56
5855,20.74
5856,33.19
5857,33.17
5858,33.16
5859,33.64
5860,33.57
5861,19.87
5862,12.88
5863,12.91
5864,12.96
5865,61.7
5866,56.09
5867,57.16
5868,83.43
5869,73.49
5870,93.58
5871,71.8
5872,89.5
5873,60.24
5874,70.58
5875,73.84
5876,37.07
5877,33.11
5878,33.86
5879,33.07
5880,33.03
5881,32.99
5882,32.96
5883,33.4
5884,33.36
5885,19.68
5886,12.73
5887,12.79
5888,12.89
5889,12.94
5890,53.83
5891,54.6
5892,78.73
5893,70.06
5894,91.58
5895,75.71
5896,88.76
5897,56.27
5898,70.66
5899,72.45
5900,39.23
5901,33.07
5902,33.83
5903,33.04
5904,33.02
5905,33.0
5906,32.99
5907,33.47
5908,33.43
5909,23.18
5910,12.82
5911,12.89
5912,12.98
5913,30.51
5914,83.58
5915,97.73
5916,90.14
5917,100.88
5918,96.6
5919,98.14
5920,83.68
5921,88.95
5922,68.28
5923,77.98
5924,54.38
5925,33.11
5926,33.86
5927,33.07
5928,33.06
5929,33.05
5930,33.02
5931,35.41
5932,35.05
5933,161.34
5934,359.28
5935,516.84
5936,593.23
5937,683.56
5938,769.41
5939,827.69
5940,858.18
5941,891.91
5942,903.17
5943,890.84
5944,751.81
5945,709.13
5946,679.96
5947,603.29
5948,52.26
5949,82.74
5950,34.02
5951,33.2
5952,33.18
5953,33.16
5954,33.12
5955,33.59
5956,33.56
5957,174.45
5958,374.98
5959,560.62
5960,628.36
5961,696.29
5962,765.1
5963,789.24
5964,811.67
5965,838.15
5966,848.45
5967,841.39
5968,688.7
5969,620.95
5970,597.52
5971,576.62
5972,33.49
5973,53.06
5974,33.98
5975,33.16
5976,33.14
5977,33.14
5978,33.13
5979,33.62
5980,33.59
5981,223.55
5982,420.55
5983,616.49
5984,696.4
5985,773.93
5986,832.9
5987,867.3
5988,872.7
5989,875.18
5990,882.35
5991,882.06
5992,764.9
5993,725.16
5994,698.65
5995,668.89
5996,93.23
5997,66.63
5998,69.82
5999,37.7
6000,33.19
6001,33.17
6002,33.15
6003,35.63
6004,35.26
6005,212.72
6006,422.59
6007,639.04
6008,669.42
6009,680.99
6010,721.09
6011,726.97
6012,692.47
6013,670.93
6014,675.4
6015,659.07
6016,505.24
6017,486.61
6018,490.58
6019,485.33
6020,33.04
6021,33.07
6022,33.89
6023,33.08
6024,33.06
6025,33.04
6026,33.03
6027,33.51
6028,33.47
6029,23.2
6030,12.79
6031,12.8
6032,12.87
6033,12.9
6034,13.66
6035,12.94
6036,13.01
6037,67.43
6038,43.36
6039,40.3
6040,63.57
6041,12.77
6042,30.35
6043,33.73
6044,33.47
6045,33.08
6046,33.83
6047,33.04
6048,33.01
6049,32.97
6050,32.94
6051,33.35
6052,33.3
6053,23.03
6054,12.66
6055,12.7
6056,12.79
6057,12.85
6058,28.44
6059,67.17
6060,65.3
6061,72.51
6062,69.12
6063,77.51
6064,60.94
6065,52.57
6066,56.09
6067,33.56
6068,33.27
6069,32.89
6070,33.65
6071,32.82
6072,32.81
6073,32.78
6074,32.75
6075,33.15
6076,33.1
6077,89.48
6078,291.12
6079,385.13
6080,396.61
6081,423.01
6082,453.91
6083,482.56
6084,502.21
6085,545.01
6086,562.84
6087,568.15
6088,462.34
6089,426.63
6090,396.64
6091,368.79
6092,33.17
6093,32.88
6094,33.75
6095,32.87
6096,32.85
6097,32.83
6098,32.83
6099,34.95
6100,34.63
6101,107.28
6102,296.72
6103,410.53
6104,461.39
6105,510.82
6106,572.35
6107,610.14
6108,629.7
6109,631.61
6110,640.17
6111,638.17
6112,518.17
6113,503.35
6114,504.61
6115,482.11
6116,33.04
6117,33.07
6118,33.9
6119,33.08
6120,33.08
6121,33.08
6122,33.08
6123,33.57
6124,33.53
6125,200.82
6126,391.44
6127,543.57
6128,568.75
6129,602.3
6130,672.69
6131,761.96
6132,818.63
6133,879.69
6134,883.4
6135,853.32
6136,709.69
6137,673.37
6138,675.55
6139,674.49
6140,33.62
6141,33.24
6142,34.02
6143,33.22
6144,33.19
6145,33.16
6146,33.14
6147,33.65
6148,33.61
6149,255.93
6150,455.96
6151,648.74
6152,693.48
6153,777.2
6154,883.67
6155,925.93
6156,928.45
6157,951.57
6158,938.35
6159,882.55
6160,715.42
6161,644.84
6162,595.54
6163,547.6
6164,33.47
6165,33.11
6166,33.9
6167,33.06
6168,33.03
6169,32.99
6170,32.96
6171,35.2
6172,34.81
6173,132.44
6174,302.53
6175,412.87
6176,443.27
6177,480.7
6178,519.01
6179,549.9
6180,549.68
6181,586.42
6182,608.64
6183,620.01
6184,508.43
6185,477.07
6186,466.84
6187,434.53
6188,32.93
6189,32.96
6190,33.8
6191,32.93
6192,32.92
6193,32.9
6194,32.88
6195,33.3
6196,33.25
6197,26.43
6198,12.62
6199,12.67
6200,12.75
6201,12.8
6202,13.63
6203,12.85
6204,12.9
6205,12.91
6206,12.87
6207,12.66
6208,12.64
6209,12.63
6210,33.63
6211,33.6
6212,33.36
6213,32.99
6214,33.77
6215,32.98
6216,32.96
6217,32.96
6218,32.97
6219,33.45
6220,33.39
6221,26.52
6222,12.68
6223,12.67
6224,12.7
6225,12.71
6226,13.47
6227,12.7
6228,12.82
6229,12.89
6230,12.88
6231,12.7
6232,12.7
6233,12.67
6234,33.66
6235,33.6
6236,33.33
6237,32.94
6238,33.71
6239,32.92
6240,32.92
6241,32.92
6242,32.92
6243,33.39
6244,33.34
6245,130.69
6246,317.36
6247,432.74
6248,470.85
6249,509.53
6250,548.55
6251,565.24
6252,574.42
6253,596.7
6254,628.64
6255,653.94
6256,503.68
6257,459.04
6258,447.22
6259,408.26
6260,33.26
6261,32.93
6262,33.77
6263,32.9
6264,32.88
6265,32.85
6266,32.83
6267,34.97
6268,34.6
6269,109.67
6270,289.02
6271,383.13
6272,399.06
6273,434.49
6274,482.21
6275,499.63
6276,498.05
6277,501.0
6278,504.7
6279,495.42
6280,379.49
6281,366.68
6282,365.13
6283,358.09
6284,32.87
6285,32.91
6286,33.76
6287,32.92
6288,32.91
6289,32.89
6290,32.88
6291,33.29
6292,33.21
6293,108.08
6294,290.07
6295,385.43
6296,398.57
6297,428.08
6298,479.38
6299,531.1
6300,536.06
6301,563.75
6302,566.11
6303,553.32
6304,448.81
6305,428.6
6306,424.68
6307,417.88
6308,33.31
6309,32.99
6310,33.84
6311,33.0
6312,32.99
6313,33.0
6314,32.99
6315,33.46
6316,33.43
6317,161.18
6318,348.06
6319,471.29
6320,497.95
6321,529.25
6322,567.51
6323,611.75
6324,652.59
6325,674.34
6326,693.91
6327,723.91
6328,613.48
6329,595.14
6330,584.88
6331,558.68
6332,33.48
6333,33.12
6334,33.91
6335,33.09
6336,33.09
6337,33.07
6338,33.07
6339,35.52
6340,35.15
6341,208.02
6342,385.87
6343,542.3
6344,585.84
6345,605.4
6346,585.77
6347,580.04
6348,578.85
6349,621.33
6350,667.56
6351,673.36
6352,560.97
6353,507.53
6354,458.12
6355,418.59
6356,32.94
6357,32.95
6358,33.75
6359,32.9
6360,32.87
6361,32.85
6362,32.82
6363,33.23
6364,33.17
6365,26.32
6366,12.51
6367,12.52
6368,12.56
6369,12.59
6370,13.43
6371,12.63
6372,12.69
6373,12.73
6374,12.71
6375,12.52
6376,12.53
6377,15.94
6378,33.46
6379,33.39
6380,33.14
6381,32.77
6382,33.56
6383,32.74
6384,32.72
6385,32.7
6386,32.67
6387,33.05
6388,33.01
6389,26.18
6390,12.4
6391,12.47
6392,12.58
6393,12.64
6394,13.45
6395,12.66
6396,12.75
6397,12.77
6398,12.75
6399,12.56
6400,12.54
6401,19.36
6402,33.48
6403,33.44
6404,33.19
6405,32.83
6406,33.63
6407,32.81
6408,32.81
6409,32.81
6410,32.8
6411,33.23
6412,33.2
6413,122.14
6414,295.12
6415,384.2
6416,391.79
6417,407.89
6418,428.85
6419,446.71
6420,439.79
6421,438.15
6422,432.46
6423,420.75
6424,332.88
6425,334.45
6426,347.46
6427,347.07
6428,33.11
6429,32.83
6430,33.69
6431,32.85
6432,32.85
6433,32.85
6434,32.85
6435,35.02
6436,34.67
6437,128.41
6438,312.95
6439,409.07
6440,421.9
6441,441.0
6442,451.6
6443,455.24
6444,453.68
6445,457.43
6446,452.77
6447,437.38
6448,347.19
6449,340.1
6450,345.21
6451,342.28
6452,32.79
6453,32.84
6454,33.7
6455,32.86
6456,32.84
6457,32.84
6458,32.84
6459,33.25
6460,33.21
6461,117.57
6462,298.63
6463,390.44
6464,398.0
6465,416.06
6466,445.16
6467,484.23
6468,512.23
6469,551.83
6470,580.23
6471,592.66
6472,472.62
6473,450.87
6474,432.61
6475,404.7
6476,33.26
6477,32.94
6478,33.79
6479,32.93
6480,32.91
6481,32.88
6482,32.85
6483,33.27
6484,33.23
6485,116.19
6486,298.89
6487,407.79
6488,431.47
6489,470.24
6490,517.67
6491,562.79
6492,578.52
6493,585.22
6494,590.97
6495,581.84
6496,444.38
6497,420.15
6498,394.2
6499,360.37
6500,33.1
6501,32.81
6502,33.69
6503,32.82
6504,32.8
6505,32.78
6506,32.76
6507,34.81
6508,34.45
6509,96.96
6510,281.02
6511,376.57
6512,387.92
6513,416.39
6514,450.01
6515,474.68
6516,483.6
6517,496.42
6518,502.19
6519,484.68
6520,358.09
6521,341.22
6522,338.48
6523,332.01
6524,32.75
6525,32.8
6526,33.68
6527,32.81
6528,32.8
6529,32.77
6530,32.74
6531,33.14
6532,33.09
6533,29.67
6534,12.46
6535,12.53
6536,12.64
6537,12.68
6538,13.48
6539,12.7
6540,34.36
6541,43.07
6542,40.71
6543,39.66
6544,16.85
6545,22.84
6546,33.52
6547,33.46
6548,33.19
6549,32.82
6550,33.61
6551,32.77
6552,32.75
6553,32.72
6554,32.7
6555,33.09
6556,33.03
6557,29.62
6558,12.41
6559,12.49
6560,12.61
6561,12.67
6562,13.47
6563,12.71
6564,36.37
6565,52.47
6566,50.11
6567,42.89
6568,24.04
6569,25.59
6570,33.58
6571,33.52
6572,33.23
6573,32.84
6574,33.62
6575,32.79
6576,32.77
6577,32.76
6578,32.75
6579,33.16
6580,33.1
6581,96.35
6582,291.19
6583,379.01
6584,395.52
6585,429.38
6586,464.54
6587,490.92
6588,499.88
6589,536.93
6590,559.15
6591,571.62
6592,481.52
6593,454.34
6594,414.11
6595,392.8
6596,33.24
6597,32.93
6598,33.77
6599,32.93
6600,32.91
6601,32.91
6602,32.89
6603,35.1
6604,34.72
6605,137.29
6606,314.62
6607,423.56
6608,461.74
6609,500.34
6610,548.6
6611,580.03
6612,594.34
6613,613.62
6614,607.12
6615,584.02
6616,447.39
6617,423.1
6618,398.13
6619,378.83
6620,32.87
6621,32.88
6622,33.72
6623,32.88
6624,32.89
6625,32.9
6626,32.89
6627,33.34
6628,33.3
6629,153.12
6630,370.36
6631,503.91
6632,491.99
6633,485.52
6634,500.46
6635,502.0
6636,493.69
6637,492.63
6638,491.86
6639,459.73
6640,335.73
6641,318.43
6642,315.33
6643,304.22
6644,32.91
6645,32.65
6646,33.52
6647,32.65
6648,32.63
6649,32.63
6650,32.62
6651,33.02
6652,32.98
6653,99.9
6654,281.11
6655,367.9
6656,368.14
6657,373.94
6658,375.07
6659,374.44
6660,369.14
6661,369.35
6662,362.1
6663,355.95
6664,280.9
6665,291.17
6666,301.82
6667,301.8
6668,32.79
6669,32.55
6670,33.46
6671,32.57
6672,32.57
6673,32.55
6674,32.54
6675,34.52
6676,34.19
6677,101.1
6678,281.43
6679,367.93
6680,367.92
6681,379.86
6682,394.79
6683,408.67
6684,420.14
6685,434.28
6686,426.4
6687,410.1
6688,323.05
6689,329.17
6690,324.45
6691,311.97
6692,32.59
6693,32.6
6694,33.48
6695,32.58
6696,32.56
6697,32.53
6698,32.51
6699,32.9
6700,32.86
6701,32.86
6702,12.23
6703,12.28
6704,12.34
6705,12.36
6706,13.18
6707,12.35
6708,12.44
6709,12.48
6710,12.46
6711,12.28
6712,12.28
6713,25.93
6714,33.16
6715,33.12
6716,32.89
6717,32.53
6718,33.35
6719,32.46
6720,32.46
6721,32.43
6722,32.41
6723,32.81
6724,36.46
6725,46.39
6726,25.93
6727,12.26
6728,12.37
6729,12.44
6730,13.26
6731,12.47
6732,12.56
6733,12.61
6734,12.6
6735,12.4
6736,12.38
6737,26.04
6738,33.3
6739,33.25
6740,33.03
6741,32.69
6742,33.5
6743,32.69
6744,32.69
6745,32.69
6746,32.69
6747,33.14
6748,33.11
6749,33.13
6750,12.49
6751,12.5
6752,12.54
6753,12.55
6754,13.36
6755,12.6
6756,12.71
6757,12.76
6758,12.76
6759,12.57
6760,12.56
6761,26.22
6762,33.53
6763,33.46
6764,33.19
6765,32.85
6766,33.62
6767,32.83
6768,32.83
6769,32.81
6770,32.8
6771,35.05
6772,34.69
6773,158.41
6774,342.61
6775,437.26
6776,444.42
6777,460.2
6778,470.96
6779,472.53
6780,466.22
6781,469.97
6782,472.4
6783,464.51
6784,381.69
6785,397.3
6786,404.23
6787,413.99
6788,32.95
6789,32.97
6790,33.78
6791,32.96
6792,32.94
6793,32.93
6794,32.9
6795,33.35
6796,33.34
6797,188.18
6798,360.87
6799,467.36
6800,482.81
6801,487.77
6802,494.95
6803,514.36
6804,512.01
6805,516.31
6806,514.2
6807,503.9
6808,385.05
6809,367.21
6810,347.7
6811,337.1
6812,33.05
6813,32.77
6814,33.65
6815,32.75
6816,32.71
6817,32.67
6818,32.65
6819,33.05
6820,33.01
6821,99.77
6822,281.03
6823,368.23
6824,383.82
6825,395.51
6826,412.34
6827,429.94
6828,442.32
6829,453.48
6830,446.61
6831,417.93
6832,321.49
6833,331.21
6834,322.67
6835,317.87
6836,32.97
6837,32.72
6838,33.6
6839,32.72
6840,32.72
6841,32.69
6842,32.65
6843,34.65
6844,34.36
6845,100.43
6846,281.08
6847,372.9
6848,384.76
6849,410.74
6850,437.45
6851,457.77
6852,474.52
6853,501.86
6854,531.12
6855,537.46
6856,427.5
6857,427.77
6858,405.98
6859,385.44
6860,32.89
6861,32.93
6862,33.77
6863,32.94
6864,32.93
6865,32.91
6866,32.87
6867,33.25
6868,33.18
6869,33.19
6870,15.92
6871,12.47
6872,12.52
6873,12.53
6874,13.31
6875,12.5
6876,12.58
6877,12.61
6878,12.6
6879,12.39
6880,12.36
6881,29.43
6882,33.22
6883,33.16
6884,32.93
6885,32.59
6886,33.41
6887,32.53
6888,32.51
6889,32.49
6890,32.47
6891,32.87
6892,32.84
6893,32.84
6894,15.63
6895,12.27
6896,12.36
6897,12.4
6898,13.23
6899,12.42
6900,12.49
6901,12.53
6902,12.52
6903,12.34
6904,12.33
6905,29.42
6906,33.25
6907,33.21
6908,32.98
6909,32.63
6910,33.42
6911,32.56
6912,32.55
6913,32.55
6914,32.55
6915,32.93
6916,32.88
6917,100.24
6918,284.62
6919,367.84
6920,376.57
6921,390.0
6922,405.44
6923,437.06
6924,463.23
6925,474.96
6926,478.19
6927,471.19
6928,361.94
6929,359.35
6930,357.85
6931,358.95
6932,33.14
6933,32.84
6934,33.68
6935,32.83
6936,32.82
6937,32.8
6938,32.76
6939,34.89
6940,34.59
6941,122.14
6942,296.16
6943,383.68
6944,394.97
6945,431.24
6946,462.94
6947,481.92
6948,484.59
6949,496.59
6950,516.05
6951,519.38
6952,402.12
6953,395.24
6954,385.56
6955,386.89
6956,32.88
6957,32.91
6958,33.75
6959,32.91
6960,32.89
6961,32.87
6962,32.88
6963,33.31
6964,33.22
6965,115.93
6966,284.5
6967,368.69
6968,379.67
6969,389.01
6970,396.97
6971,407.58
6972,406.22
6973,420.07
6974,418.89
6975,397.7
6976,305.19
6977,315.43
6978,310.0
6979,305.38
6980,32.83
6981,32.58
6982,33.48
6983,32.57
6984,32.56
6985,32.54
6986,32.52
6987,32.91
6988,32.87
6989,100.5
6990,284.92
6991,368.13
6992,368.21
6993,374.26
6994,376.07
6995,375.64
6996,370.2
6997,370.72
6998,363.68
6999,356.65
7000,280.99
7001,301.5
7002,301.87
7003,301.84
7004,32.87
7005,32.63
7006,33.52
7007,32.63
7008,32.62
7009,32.63
7010,32.63
7011,34.66
7012,34.34
7013,100.51
7014,284.52
7015,367.85
7016,368.02
7017,373.85
7018,374.73
7019,373.99
7020,368.55
7021,372.62
7022,367.06
7023,361.21
7024,286.33
7025,304.77
7026,301.45
7027,301.45
7028,32.6
7029,32.65
7030,33.52
7031,32.65
7032,32.64
7033,32.62
7034,32.6
7035,32.97
7036,32.94
7037,32.96
7038,15.75
7039,12.37
7040,12.46
7041,12.49
7042,13.28
7043,12.47
7044,12.57
7045,12.59
7046,12.57
7047,12.38
7048,12.36
7049,32.85
7050,33.22
7051,33.17
7052,32.95
7053,32.59
7054,33.4
7055,32.54
7056,32.53
7057,32.51
7058,32.49
7059,32.88
7060,32.86
7061,32.88
7062,15.68
7063,12.31
7064,12.41
7065,12.48
7066,13.3
7067,12.51
7068,12.6
7069,12.61
7070,12.58
7071,12.37
7072,12.35
7073,32.86
7074,33.3
7075,33.25
7076,33.0
7077,32.63
7078,33.43
7079,32.58
7080,32.56
7081,32.55
7082,32.54
7083,32.93
7084,32.9
7085,100.2
7086,288.05
7087,367.9
7088,367.93
7089,373.9
7090,374.99
7091,374.32
7092,371.96
7093,374.58
7094,369.25
7095,359.76
7096,280.92
7097,301.41
7098,301.77
7099,301.76
7100,32.73
7101,32.49
7102,33.42
7103,32.5
7104,32.48
7105,32.47
7106,32.46
7107,34.44
7108,34.11
7109,102.06
7110,289.03
7111,368.3
7112,367.98
7113,373.82
7114,378.59
7115,381.79
7116,376.66
7117,376.06
7118,367.43
7119,358.8
7120,280.86
7121,301.4
7122,301.39
7123,301.39
7124,32.44
7125,32.5
7126,33.43
7127,32.51
7128,32.5
7129,32.49
7130,32.47
7131,32.85
7132,32.81
7133,101.16
7134,288.77
7135,368.25
7136,367.95
7137,373.65
7138,375.11
7139,377.11
7140,378.56
7141,383.8
7142,381.25
7143,374.8
7144,297.6
7145,308.61
7146,301.84
7147,301.78
7148,32.78
7149,32.54
7150,33.45
7151,32.55
7152,32.55
7153,32.55
7154,32.54
7155,32.93
7156,32.89
7157,100.15
7158,288.06
7159,367.9
7160,367.98
7161,374.13
7162,387.99
7163,400.21
7164,413.05
7165,424.72
7166,427.08
7167,411.21
7168,322.74
7169,329.62
7170,324.12
7171,321.62
7172,32.99
7173,32.71
7174,33.59
7175,32.72
7176,32.69
7177,32.65
7178,32.64
7179,34.65
7180,34.34
7181,100.42
7182,287.85
7183,367.87
7184,368.58
7185,386.44
7186,392.94
7187,398.97
7188,399.46
7189,404.1
7190,392.34
7191,373.3
7192,291.25
7193,301.55
7194,301.46
7195,301.43
7196,32.48
7197,32.54
7198,33.46
7199,32.54
7200,32.52
7201,32.51
7202,32.49
7203,32.88
7204,32.84
7205,32.85
7206,19.04
7207,12.23
7208,12.31
7209,12.34
7210,13.18
7211,12.36
7212,12.47
7213,12.53
7214,12.51
7215,12.32
7216,15.71
7217,32.77
7218,33.17
7219,33.13
7220,32.89
7221,32.56
7222,33.38
7223,32.52
7224,32.5
7225,32.49
7226,32.47
7227,32.88
7228,32.85
7229,32.86
7230,19.06
7231,12.27
7232,12.35
7233,12.43
7234,13.3
7235,12.54
7236,12.65
7237,12.71
7238,12.71
7239,12.54
7240,15.92
7241,32.99
7242,33.43
7243,33.36
7244,33.12
7245,32.74
7246,33.52
7247,32.68
7248,32.66
7249,32.62
7250,32.58
7251,32.98
7252,32.93
7253,100.02
7254,287.95
7255,367.83
7256,370.75
7257,383.22
7258,399.42
7259,422.96
7260,424.93
7261,432.51
7262,446.23
7263,425.49
7264,324.53
7265,342.19
7266,336.4
7267,329.99
7268,33.04
7269,32.75
7270,33.6
7271,32.74
7272,32.73
7273,32.73
7274,32.72
7275,34.83
7276,34.5
7277,111.84
7278,297.22
7279,381.65
7280,388.72
7281,410.57
7282,439.65
7283,470.72
7284,489.81
7285,529.07
7286,546.97
7287,528.84
7288,403.1
7289,403.96
7290,393.18
7291,372.79
7292,32.89
7293,32.92
7294,33.75
7295,32.89
7296,32.87
7297,32.84
7298,32.82
7299,33.23
7300,33.17
7301,115.7
7302,298.04
7303,372.65
7304,378.24
7305,394.1
7306,407.31
7307,417.82
7308,420.72
7309,429.01
7310,426.76
7311,404.48
7312,311.42
7313,316.63
7314,308.91
7315,302.2
7316,32.84
7317,32.6
7318,33.5
7319,32.61
7320,32.59
7321,32.57
7322,32.56
7323,32.94
7324,32.92
7325,99.92
7326,291.38
7327,367.87
7328,368.04
7329,374.25
7330,376.23
7331,376.27
7332,370.35
7333,370.26
7334,362.93
7335,356.24
7336,287.78
7337,301.45
7338,301.83
7339,301.79
7340,32.8
7341,32.57
7342,33.5
7343,32.63
7344,32.62
7345,32.61
7346,32.59
7347,34.57
7348,34.25
7349,100.62
7350,291.42
7351,367.89
7352,367.93
7353,373.61
7354,374.63
7355,374.12
7356,368.84
7357,369.0
7358,361.64
7359,355.84
7360,287.8
7361,301.58
7362,301.65
7363,301.74
7364,32.36
7365,32.42
7366,33.37
7367,32.42
7368,32.41
7369,32.39
7370,32.38
7371,41.46
7372,48.2
7373,54.43
7374,32.97
7375,24.22
7376,15.52
7377,12.23
7378,13.09
7379,12.22
7380,12.31
7381,12.35
7382,12.33
7383,12.13
7384,18.95
7385,32.61
7386,33.0
7387,32.97
7388,32.76
7389,36.19
7390,54.34
7391,52.36
7392,53.17
7393,51.21
7394,52.21
7395,50.88
7396,51.74
7397,59.66
7398,41.05
7399,29.78
7400,31.45
7401,27.37
7402,16.0
7403,12.27
7404,12.38
7405,12.42
7406,12.38
7407,12.18
7408,19.0
7409,32.65
7410,33.05
7411,33.02
7412,32.82
7413,32.49
7414,33.32
7415,32.48
7416,38.2
7417,38.99
7418,44.26
7419,48.95
7420,55.65
7421,47.5
7422,90.74
7423,281.3
7424,377.46
7425,376.55
7426,380.83
7427,381.42
7428,380.54
7429,375.35
7430,377.25
7431,373.12
7432,374.35
7433,309.88
7434,304.97
7435,301.88
7436,301.85
7437,32.86
7438,32.59
7439,33.44
7440,32.55
7441,32.54
7442,32.53
7443,32.52
7444,34.51
7445,34.18
7446,90.97
7447,281.25
7448,367.83
7449,367.87
7450,379.47
7451,389.46
7452,398.0
7453,397.88
7454,392.78
7455,378.28
7456,375.05
7457,312.32
7458,311.82
7459,312.27
7460,311.7
7461,32.65
7462,32.7
7463,33.57
7464,32.72
7465,32.72
7466,32.71
7467,32.69
7468,33.08
7469,33.02
7470,89.62
7471,281.1
7472,367.89
7473,372.35
7474,389.76
7475,407.91
7476,417.48
7477,415.79
7478,404.37
7479,389.41
7480,382.89
7481,314.83
7482,311.96
7483,312.09
7484,310.2
7485,32.99
7486,32.73
7487,33.6
7488,32.75
7489,32.74
7490,32.74
7491,32.74
7492,33.16
7493,33.13
7494,102.89
7495,305.57
7496,424.32
7497,457.79
7498,477.04
7499,496.97
7500,454.97
7501,399.58
7502,392.35
7503,380.52
7504,379.23
7505,314.32
7506,308.17
7507,301.84
7508,301.78
7509,32.8
7510,32.55
7511,33.45
7512,32.56
7513,32.54
7514,32.51
7515,32.5
7516,34.48
7517,34.15
7518,94.6
7519,281.39
7520,367.88
7521,368.29
7522,376.53
7523,381.83
7524,381.24
7525,369.85
7526,369.08
7527,361.76
7528,366.05
7529,301.42
7530,301.48
7531,301.46
7532,301.45
7533,32.43
7534,32.49
7535,33.43
7536,32.51
7537,32.49
7538,32.48
7539,32.46
7540,32.83
7541,32.8
7542,25.97
7543,12.2
7544,12.26
7545,12.34
7546,12.35
7547,13.17
7548,12.36
7549,12.45
7550,12.48
7551,12.44
7552,22.5
7553,32.76
7554,32.76
7555,33.17
7556,33.14
7557,32.9
7558,32.59
7559,33.44
7560,32.63
7561,32.61
7562,32.58
7563,32.56
7564,32.94
7565,32.92
7566,26.12
7567,12.32
7568,12.34
7569,12.4
7570,12.4
7571,13.19
7572,12.36
7573,12.43
7574,12.45
7575,12.41
7576,22.44
7577,32.67
7578,32.65
7579,33.03
7580,32.99
7581,32.76
7582,32.42
7583,33.27
7584,47.78
7585,48.81
7586,54.35
7587,50.21
7588,54.59
7589,49.75
7590,96.03
7591,282.11
7592,368.03
7593,367.86
7594,373.69
7595,375.2
7596,375.07
7597,369.72
7598,369.83
7599,374.53
7600,370.9
7601,301.42
7602,301.42
7603,301.81
7604,301.8
7605,32.8
7606,32.55
7607,33.46
7608,32.57
7609,32.56
7610,32.56
7611,32.55
7612,34.54
7613,34.29
7614,93.83
7615,285.88
7616,381.51
7617,396.16
7618,413.8
7619,430.71
7620,455.45
7621,463.23
7622,467.29
7623,469.06
7624,476.65
7625,383.26
7626,363.05
7627,346.73
7628,342.86
7629,32.82
7630,32.86
7631,33.69
7632,32.86
7633,32.86
7634,32.85
7635,32.83
7636,33.3
7637,33.3
7638,143.44
7639,331.18
7640,433.31
7641,450.46
7642,466.18
7643,474.21
7644,483.21
7645,487.2
7646,494.33
7647,504.28
7648,489.17
7649,379.49
7650,359.55
7651,344.44
7652,349.91
7653,33.13
7654,32.85
7655,33.71
7656,32.89
7657,32.89
7658,32.89
7659,32.9
7660,33.39
7661,33.35
7662,158.45
7663,348.73
7664,456.84
7665,470.26
7666,484.69
7667,504.34
7668,440.9
7669,380.21
7670,371.12
7671,363.5
7672,366.44
7673,301.5
7674,301.49
7675,301.94
7676,301.96
7677,32.67
7678,32.45
7679,33.4
7680,32.46
7681,32.44
7682,32.43
7683,32.41
7684,34.39
7685,34.06
7686,95.97
7687,282.85
7688,369.35
7689,368.71
7690,374.79
7691,376.67
7692,376.54
7693,371.16
7694,370.93
7695,362.64
7696,366.59
7697,302.01
7698,302.1
7699,302.36
7700,302.85
7701,32.26
7702,32.35
7703,33.34
7704,34.57
7705,35.05
7706,49.03
7707,52.15
7708,53.21
7709,55.47
7710,58.29
7711,32.47
7712,30.6
7713,25.33
7714,16.7
7715,17.51
7716,12.2
7717,12.27
7718,12.29
7719,12.26
7720,22.3
7721,38.35
7722,46.55
7723,52.95
7724,51.0
7725,55.96
7726,57.13
7727,62.65
7728,60.04
7729,63.55
7730,59.13
7731,63.04
7732,60.84
7733,65.2
7734,57.58
7735,37.16
7736,33.33
7737,32.37
7738,31.05
7739,32.14
7740,29.95
7741,31.28
7742,29.89
7743,30.75
7744,38.88
7745,50.07
7746,48.51
7747,49.96
7748,48.56
7749,58.95
7750,58.41
7751,61.35
7752,56.79
7753,59.98
7754,57.23
7755,59.99
7756,58.42
7757,59.35
7758,99.6
7759,282.11
7760,368.11
7761,367.96
7762,373.47
7763,374.3
7764,383.01
7765,379.62
7766,383.34
7767,377.25
7768,379.47
7769,310.8
7770,308.6
7771,308.47
7772,307.68
7773,32.75
7774,32.47
7775,33.37
7776,32.43
7777,32.42
7778,34.61
7779,37.59
7780,51.13
7781,50.43
7782,100.34
7783,283.01
7784,369.52
7785,369.56
7786,375.2
7787,376.13
7788,375.1
7789,369.6
7790,369.57
7791,362.17
7792,367.71
7793,303.2
7794,303.23
7795,303.2
7796,303.2
7797,38.49
7798,51.15
7799,50.26
7800,56.91
7801,59.44
7802,61.78
7803,60.19
7804,62.33
7805,61.93
7806,101.22
7807,283.57
7808,369.63
7809,369.58
7810,375.18
7811,376.14
7812,375.18
7813,369.58
7814,369.56
7815,362.19
7816,371.14
7817,303.15
7818,303.16
7819,303.54
7820,303.52
7821,38.64
7822,42.55
7823,50.33
7824,50.44
7825,52.08
7826,59.21
7827,61.01
7828,62.82
7829,59.86
7830,60.5
7831,31.79
7832,36.92
7833,33.84
7834,28.62
7835,28.39
7836,28.9
7837,27.76
7838,29.04
7839,31.04
7840,49.77
7841,53.4
7842,53.69
7843,58.98
7844,58.65
7845,62.56
7846,61.35
7847,64.57
7848,61.22
7849,63.52
7850,61.08
7851,67.03
7852,65.81
7853,84.17
7854,102.02
7855,285.18
7856,369.92
7857,369.73
7858,375.24
7859,376.18
7860,375.2
7861,369.6
7862,369.58
7863,362.19
7864,371.15
7865,303.18
7866,303.2
7867,303.19
7868,303.2
7869,37.96
7870,49.65
7871,49.53
7872,52.42
7873,58.79
7874,60.46
7875,62.19
7876,60.06
7877,64.05
7878,57.83
7879,34.07
7880,30.77
7881,27.64
7882,29.24
7883,29.6
7884,30.8
7885,28.78
7886,25.77
7887,31.05
7888,40.21
7889,52.17
7890,47.99
7891,52.16
7892,48.14
7893,51.35
7894,47.07
7895,57.36
7896,50.44
7897,59.59
7898,49.81
7899,60.67
7900,49.48
7901,59.87
7902,54.7
7903,33.79
7904,26.83
7905,30.61
7906,27.0
7907,31.71
7908,27.39
7909,24.34
7910,12.31
7911,12.28
7912,30.06
7913,36.63
7914,44.62
7915,46.13
7916,48.99
7917,48.61
7918,50.2
7919,48.85
7920,51.14
7921,54.3
7922,52.14
7923,57.91
7924,54.22
7925,56.01
7926,103.73
7927,282.61
7928,368.5
7929,368.15
7930,373.64
7931,374.46
7932,373.5
7933,367.89
7934,367.9
7935,360.55
7936,369.53
7937,301.55
7938,301.53
7939,301.89
7940,301.9
7941,32.68
7942,32.46
7943,33.39
7944,32.49
7945,32.52
7946,32.53
7947,32.54
7948,34.54
7949,34.25
7950,100.94
7951,287.63
7952,378.46
7953,375.37
7954,381.49
7955,383.26
7956,386.57
7957,384.63
7958,384.88
7959,378.05
7960,386.24
7961,309.95
7962,302.37
7963,301.38
7964,301.43
7965,32.38
7966,32.45
7967,33.38
7968,32.45
7969,32.43
7970,32.41
7971,33.1
7972,38.96
7973,47.76
7974,102.61
7975,282.91
7976,369.48
7977,369.52
7978,375.16
7979,376.14
7980,375.2
7981,369.79
7982,369.77
7983,362.17
7984,371.12
7985,303.14
7986,303.17
7987,303.57
7988,303.56
7989,38.62
7990,48.2
7991,53.21
7992,57.29
7993,62.09
7994,59.03
7995,60.78
7996,62.08
7997,65.04
7998,104.29
7999,283.3
8000,369.55
8001,369.56
8002,375.21
8003,375.97
8004,374.36
8005,368.37
8006,368.24
8007,360.82
8008,370.05
8009,302.5
8010,302.66
8011,303.05
8012,303.03
8013,38.3
8014,39.56
8015,38.88
8016,39.11
8017,37.71
8018,38.93
8019,37.64
8020,43.28
8021,51.0
8022,101.78
8023,281.41
8024,367.88
8025,367.83
8026,373.49
8027,374.44
8028,373.56
8029,367.88
8030,368.07
8031,361.05
8032,370.27
8033,302.74
8034,302.84
8035,302.63
8036,302.86
8037,33.93
8038,39.89
8039,38.83
8040,47.65
8041,52.42
8042,50.54
8043,51.65
8044,53.29
8045,59.82
8046,59.92
8047,30.17
8048,29.25
8049,31.47
8050,30.07
8051,32.3
8052,29.53
8053,30.99
8054,29.28
8055,30.47
8056,41.75
8057,59.02
8058,51.82
8059,59.38
8060,58.68
8061,65.14
8062,60.1
8063,65.53
8064,59.9
8065,64.45
8066,62.07
8067,67.47
8068,75.67
8069,68.83
8070,76.86
8071,43.9
8072,37.63
8073,40.36
8074,34.87
8075,37.16
8076,34.72
8077,34.36
8078,33.72
8079,33.08
8080,45.73
8081,58.5
8082,56.08
8083,59.2
8084,57.82
8085,65.67
8086,62.79
8087,69.62
8088,63.37
8089,73.81
8090,75.19
8091,70.96
8092,74.76
8093,82.2
8094,104.77
8095,285.1
8096,369.97
8097,369.78
8098,375.31
8099,376.21
8100,374.8
8101,368.51
8102,368.33
8103,361.06
8104,370.6
8105,303.22
8106,303.23
8107,303.61
8108,303.58
8109,38.44
8110,41.98
8111,49.51
8112,49.64
8113,48.93
8114,58.2
8115,58.85
8116,60.77
8117,61.4
8118,104.97
8119,283.38
8120,369.67
8121,369.69
8122,375.29
8123,376.26
8124,375.3
8125,369.68
8126,369.66
8127,362.27
8128,371.3
8129,303.36
8130,303.38
8131,303.36
8132,303.36
8133,43.46
8134,47.13
8135,51.57
8136,57.28
8137,60.6
8138,55.18
8139,64.47
8140,61.18
8141,61.95
8142,104.69
8143,287.35
8144,369.81
8145,369.79
8146,375.31
8147,376.22
8148,375.23
8149,369.67
8150,369.64
8151,362.25
8152,371.26
8153,303.3
8154,303.32
8155,303.7
8156,303.67
8157,42.95
8158,47.32
8159,51.58
8160,57.99
8161,62.04
8162,55.33
8163,64.04
8164,59.06
8165,65.97
8166,104.71
8167,287.4
8168,369.78
8169,369.75
8170,375.33
8171,376.2
8172,375.2
8173,369.58
8174,369.55
8175,362.17
8176,371.18
8177,303.23
8178,303.26
8179,303.66
8180,303.65
8181,43.45
8182,47.16
8183,57.54
8184,56.95
8185,64.41
8186,57.73
8187,65.69
8188,61.22
8189,67.48
8190,105.4
8191,287.45
8192,369.72
8193,369.64
8194,375.21
8195,376.15
8196,375.18
8197,369.59
8198,369.58
8199,362.2
8200,371.15
8201,303.17
8202,303.18
8203,303.16
8204,303.16
8205,38.23
8206,39.37
8207,53.03
8208,48.02
8209,52.93
8210,57.05
8211,59.86
8212,57.52
8213,62.44
8214,61.33
8215,36.63
8216,28.71
8217,35.01
8218,26.73
8219,31.4
8220,26.78
8221,30.74
8222,27.35
8223,31.1
8224,40.56
8225,51.05
8226,47.19
8227,51.27
8228,47.42
8229,60.97
8230,58.06
8231,60.77
8232,59.2
8233,63.3
8234,60.9
8235,60.97
8236,58.92
8237,64.2
8238,60.31
8239,44.14
8240,25.81
8241,34.94
8242,26.52
8243,32.17
8244,27.44
8245,25.74
8246,22.03
8247,24.54
8248,37.85
8249,44.07
8250,48.95
8251,48.79
8252,49.39
8253,54.79
8254,52.81
8255,50.07
8256,51.12
8257,45.69
8258,46.45
8259,52.05
8260,47.57
8261,46.86
8262,101.57
8263,284.92
8264,377.4
8265,376.0
8266,384.02
8267,381.5
8268,380.68
8269,382.66
8270,378.39
8271,362.57
8272,369.44
8273,301.42
8274,301.45
8275,301.9
8276,302.04
8277,32.6
8278,32.37
8279,33.32
8280,34.42
8281,34.83
8282,36.98
8283,47.78
8284,51.31
8285,52.47
8286,103.78
8287,286.43
8288,368.95
8289,368.73
8290,374.25
8291,375.11
8292,374.61
8293,369.42
8294,369.26
8295,361.45
8296,370.03
8297,302.21
8298,302.5
8299,303.02
8300,303.13
8301,36.35
8302,39.8
8303,41.05
8304,53.88
8305,49.28
8306,54.61
8307,57.5
8308,62.63
8309,57.59
8310,103.98
8311,286.62
8312,369.53
8313,369.54
8314,375.17
8315,376.14
8316,375.2
8317,369.75
8318,369.62
8319,362.16
8320,371.13
8321,303.13
8322,303.15
8323,303.54
8324,303.52
8325,39.11
8326,43.79
8327,53.95
8328,48.41
8329,59.1
8330,55.77
8331,60.49
8332,59.62
8333,65.43
8334,104.09
8335,286.68
8336,369.65
8337,369.7
8338,375.3
8339,376.24
8340,375.26
8341,369.65
8342,369.63
8343,362.26
8344,371.27
8345,303.31
8346,303.18
8347,303.33
8348,303.53
8349,38.94
8350,37.62
8351,46.85
8352,48.09
8353,52.02
8354,47.69
8355,54.55
8356,57.53
8357,64.09
8358,104.83
8359,286.74
8360,369.61
8361,369.59
8362,375.22
8363,376.18
8364,375.23
8365,369.44
8366,369.11
8367,361.73
8368,370.91
8369,303.2
8370,303.21
8371,303.19
8372,303.19
8373,38.62
8374,37.44
8375,52.62
8376,48.41
8377,51.93
8378,49.87
8379,62.22
8380,55.19
8381,63.09
8382,58.29
8383,38.16
8384,26.97
8385,31.66
8386,28.54
8387,34.8
8388,29.52
8389,17.73
8390,16.75
8391,18.03
8392,31.15
8393,36.49
8394,40.11
8395,50.16
8396,48.56
8397,50.89
8398,49.9
8399,50.81
8400,49.39
8401,55.06
8402,59.38
8403,58.02
8404,59.37
8405,60.58
8406,59.92
8407,32.35
8408,28.79
8409,29.86
8410,25.74
8411,31.75
8412,27.63
8413,30.61
8414,27.29
8415,28.91
8416,42.07
8417,49.07
8418,48.91
8419,50.44
8420,47.32
8421,55.78
8422,58.06
8423,59.82
8424,58.28
8425,61.57
8426,62.78
8427,59.6
8428,64.06
8429,60.34
8430,104.68
8431,291.17
8432,369.74
8433,369.69
8434,375.32
8435,376.26
8436,375.28
8437,369.65
8438,369.62
8439,362.23
8440,371.22
8441,303.26
8442,303.26
8443,303.63
8444,303.6
8445,38.64
8446,43.49
8447,52.33
8448,47.34
8449,50.88
8450,54.26
8451,61.05
8452,59.42
8453,65.84
8454,105.14
8455,290.39
8456,369.64
8457,369.58
8458,375.19
8459,376.16
8460,375.19
8461,369.59
8462,369.57
8463,362.19
8464,371.16
8465,303.19
8466,303.2
8467,303.18
8468,303.18
8469,38.51
8470,41.9
8471,50.28
8472,50.48
8473,48.76
8474,58.5
8475,57.51
8476,60.29
8477,61.75
8478,104.4
8479,290.24
8480,369.62
8481,369.58
8482,375.22
8483,376.15
8484,375.12
8485,369.52
8486,369.6
8487,362.21
8488,371.16
8489,303.18
8490,303.19
8491,303.57
8492,303.55
8493,38.71
8494,47.64
8495,52.76
8496,50.93
8497,61.45
8498,60.24
8499,61.71
8500,62.17
8501,62.95
8502,104.64
8503,290.53
8504,369.7
8505,369.61
8506,375.22
8507,376.16
8508,374.85
8509,369.08
8510,368.86
8511,361.54
8512,370.87
8513,303.18
8514,303.17
8515,303.57
8516,303.55
8517,38.67
8518,37.28
8519,52.45
8520,48.49
8521,52.3
8522,48.04
8523,54.52
8524,57.06
8525,63.62
8526,104.66
8527,290.05
8528,369.58
8529,369.0
8530,374.01
8531,374.66
8532,373.59
8533,367.9
8534,367.83
8535,360.43
8536,369.39
8537,301.39
8538,301.42
8539,301.47
8540,301.47
8541,32.36
8542,32.43
8543,33.37
8544,37.28
8545,37.14
8546,37.03
8547,38.44
8548,38.59
8549,38.37
8550,39.63
8551,21.8
8552,15.02
8553,12.29
8554,12.3
8555,13.12
8556,12.32
8557,12.41
8558,12.42
8559,12.38
8560,25.82
8561,32.68
8562,32.68
8563,33.05
8564,33.02
8565,32.82
8566,32.47
8567,33.32
8568,36.83
8569,36.74
8570,36.78
8571,36.92
8572,37.29
8573,40.03
8574,38.75
8575,19.14
8576,12.33
8577,12.37
8578,12.35
8579,13.1
8580,12.29
8581,12.39
8582,12.41
8583,12.38
8584,25.88
8585,32.7
8586,32.7
8587,33.08
8588,32.99
8589,32.77
8590,35.79
8591,47.4
8592,49.02
8593,52.51
8594,48.39
8595,51.08
8596,49.42
8597,51.29
8598,48.93
8599,37.28
8600,28.99
8601,31.68
8602,25.93
8603,32.17
8604,26.14
8605,26.53
8606,28.35
8607,25.1
8608,43.5
8609,50.29
8610,49.42
8611,49.88
8612,49.22
8613,57.88
8614,60.05
8615,61.21
8616,62.34
8617,61.64
8618,60.52
8619,63.27
8620,63.75
8621,65.22
8622,105.33
8623,291.12
8624,369.72
8625,369.65
8626,375.25
8627,376.09
8628,374.89
8629,368.77
8630,368.27
8631,360.78
8632,369.86
8633,302.05
8634,302.15
8635,302.24
8636,302.33
8637,38.2
8638,38.98
8639,38.36
8640,45.85
8641,48.52
8642,52.51
8643,48.28
8644,52.29
8645,48.13
8646,102.71
8647,289.09
8648,368.47
8649,368.13
8650,373.55
8651,374.71
8652,374.53
8653,369.4
8654,369.37
8655,361.52
8656,369.41
8657,301.38
8658,301.44
8659,301.91
8660,302.2
8661,32.56
8662,34.08
8663,39.66
8664,38.58
8665,53.34
8666,50.13
8667,53.91
8668,51.84
8669,61.47
8670,103.34
8671,289.87
8672,369.51
8673,368.98
8674,374.08
8675,375.28
8676,375.11
8677,370.06
8678,369.96
8679,361.95
8680,366.09
8681,301.36
8682,301.37
8683,301.91
8684,302.09
8685,32.6
8686,32.35
8687,38.31
8688,40.01
8689,37.95
8690,52.3
8691,51.01
8692,55.0
8693,54.71
8694,103.72
8695,289.84
8696,369.55
8697,369.29
8698,374.01
8699,375.41
8700,375.38
8701,370.4
8702,370.36
8703,362.27
8704,366.21
8705,301.39
8706,301.4
8707,301.43
8708,301.47
8709,32.39
8710,32.43
8711,33.38
8712,32.45
8713,32.44
8714,39.12
8715,38.72
8716,38.96
8717,37.39
8718,38.77
8719,21.89
8720,12.26
8721,12.31
8722,12.34
8723,13.13
8724,12.27
8725,12.33
8726,12.33
8727,12.28
8728,22.34
8729,32.58
8730,32.56
8731,32.94
8732,37.26
8733,52.7
8734,49.13
8735,53.82
8736,51.85
8737,62.67
8738,52.7
8739,59.77
8740,58.5
8741,63.08
8742,59.98
8743,45.46
8744,27.25
8745,32.13
8746,29.2
8747,35.14
8748,31.28
8749,15.47
8750,13.82
8751,12.23
8752,26.98
8753,36.89
8754,40.69
8755,50.22
8756,49.44
8757,53.0
8758,49.75
8759,56.79
