date,month,plot_index,battery_soc_pct,self_sufficiency_pct
2024-12-01 00:00:00,12,0,69.22225199412783,100.0
2024-12-01 01:00:00,12,1,65.48773673985363,100.0
2024-12-01 02:00:00,12,2,61.78946746414271,100.0
2024-12-01 03:00:00,12,3,58.091568015359364,100.0
2024-12-01 04:00:00,12,4,55.425942219653656,100.0
2024-12-01 05:00:00,12,5,51.86394479851797,100.0
2024-12-01 06:00:00,12,6,49.89690745241904,50.469747436209666
2024-12-01 07:00:00,12,7,49.8919177616738,21.101266816589064
2024-12-01 08:00:00,12,8,52.34319164445231,100.0
2024-12-01 09:00:00,12,9,60.10203095074783,100.0
2024-12-01 10:00:00,12,10,69.41085787528753,100.0
2024-12-01 11:00:00,12,11,79.27446515192631,100.0
2024-12-01 12:00:00,12,12,89.11563345448978,100.0
2024-12-01 13:00:00,12,13,98.57311205847593,100.0
2024-12-01 14:00:00,12,14,99.99,100.0
2024-12-01 15:00:00,12,15,99.99,100.0
2024-12-01 16:00:00,12,16,99.99,100.0
2024-12-01 17:00:00,12,17,96.28024463851051,100.0
2024-12-01 18:00:00,12,18,92.18499826634043,100.0
2024-12-01 19:00:00,12,19,88.14685751032104,100.0
2024-12-01 20:00:00,12,20,84.1229446153821,100.0
2024-12-01 21:00:00,12,21,79.17567279352376,100.0
2024-12-01 22:00:00,12,22,74.5435240091601,100.0
2024-12-01 23:00:00,12,23,70.18009494674328,100.0
2024-12-02 00:00:00,12,24,66.38301321474692,100.0
2024-12-02 01:00:00,12,25,62.598735334434444,100.0
2024-12-02 02:00:00,12,26,58.81781067683508,100.0
2024-12-02 03:00:00,12,27,55.05773770030357,100.0
2024-12-02 04:00:00,12,28,51.27389239579545,100.0
2024-12-02 05:00:00,12,29,49.92795973649705,34.849104388052595
2024-12-02 06:00:00,12,30,49.9229669405234,0.0
2024-12-02 07:00:00,12,31,49.917974643829346,24.984822950405395
2024-12-02 08:00:00,12,32,53.92922546921161,100.0
2024-12-02 09:00:00,12,33,63.94963470731494,100.0
2024-12-02 10:00:00,12,34,75.2574901123699,100.0
2024-12-02 11:00:00,12,35,87.17245338268305,100.0
2024-12-02 12:00:00,12,36,99.73104468303613,100.0
2024-12-02 13:00:00,12,37,99.99,100.0
2024-12-02 14:00:00,12,38,99.99,100.0
2024-12-02 15:00:00,12,39,99.99,100.0
2024-12-02 16:00:00,12,40,99.99,100.0
2024-12-02 17:00:00,12,41,96.3702165722839,100.0
2024-12-02 18:00:00,12,42,92.19271687263854,100.0
2024-12-02 19:00:00,12,43,88.06480653319552,100.0
2024-12-02 20:00:00,12,44,84.02112820649928,100.0
2024-12-02 21:00:00,12,45,80.00725222101308,100.0
2024-12-02 22:00:00,12,46,76.02685034317494,100.0
2024-12-02 23:00:00,12,47,72.11229199387658,100.0
2024-12-03 00:00:00,12,48,68.26129574558713,100.0
2024-12-03 01:00:00,12,49,64.4504068585693,100.0
2024-12-03 02:00:00,12,50,60.62659997724565,100.0
2024-12-03 03:00:00,12,51,56.81647455980464,100.0
2024-12-03 04:00:00,12,52,53.003055408233216,100.0
2024-12-03 05:00:00,12,53,49.836960257753034,81.81045317056734
2024-12-03 06:00:00,12,54,49.83197656172726,0.0
2024-12-03 07:00:00,12,55,49.826993364071086,9.328664263539888
2024-12-03 08:00:00,12,56,49.822010664734684,77.85130926707104
2024-12-03 09:00:00,12,57,51.84467275000788,100.0
2024-12-03 10:00:00,12,58,55.119310249232065,100.0
2024-12-03 11:00:00,12,59,57.78028246949045,100.0
2024-12-03 12:00:00,12,60,61.7898734413861,100.0
2024-12-03 13:00:00,12,61,65.24480345435515,100.0
2024-12-03 14:00:00,12,62,67.55011996451587,100.0
2024-12-03 15:00:00,12,63,68.49667152628257,100.0
2024-12-03 16:00:00,12,64,67.05009460470865,100.0
2024-12-03 17:00:00,12,65,63.1669575907431,100.0
2024-12-03 18:00:00,12,66,59.02287614212034,100.0
2024-12-03 19:00:00,12,67,54.93800504839715,100.0
2024-12-03 20:00:00,12,68,50.91968788188241,100.0
2024-12-03 21:00:00,12,69,49.946600215100304,24.44987982174856
2024-12-03 22:00:00,12,70,49.941605555078795,0.0
2024-12-03 23:00:00,12,71,49.93661139452328,0.0
2024-12-04 00:00:00,12,72,49.93161773338384,0.0
2024-12-04 01:00:00,12,73,49.926624571610496,0.0
2024-12-04 02:00:00,12,74,49.921631909153334,0.0
2024-12-04 03:00:00,12,75,49.91663974596242,0.0
2024-12-04 04:00:00,12,76,49.91164808198783,0.0
2024-12-04 05:00:00,12,77,49.90665691717963,0.0
2024-12-04 06:00:00,12,78,49.90166625148792,0.0
2024-12-04 07:00:00,12,79,49.89667608486277,11.129935662267087
2024-12-04 08:00:00,12,80,49.891686417254284,95.76869373847641
2024-12-04 09:00:00,12,81,52.62415281618714,100.0
2024-12-04 10:00:00,12,82,57.23591108887353,100.0
2024-12-04 11:00:00,12,83,63.057705751758874,100.0
2024-12-04 12:00:00,12,84,70.54297334946568,100.0
2024-12-04 13:00:00,12,85,77.23679813195872,100.0
2024-12-04 14:00:00,12,86,83.069525245318,100.0
2024-12-04 15:00:00,12,87,87.4029343582615,100.0
2024-12-04 16:00:00,12,88,87.91728478817276,100.0
2024-12-04 17:00:00,12,89,84.37459732355073,100.0
2024-12-04 18:00:00,12,90,80.40705779439686,100.0
2024-12-04 19:00:00,12,91,76.48243708783103,100.0
2024-12-04 20:00:00,12,92,72.60458064657989,100.0
2024-12-04 21:00:00,12,93,68.71678770270347,100.0
2024-12-04 22:00:00,12,94,64.86018141499295,100.0
2024-12-04 23:00:00,12,95,61.02023466603082,100.0
2024-12-05 00:00:00,12,96,57.196070850179325,100.0
2024-12-05 01:00:00,12,97,53.389963232323204,100.0
2024-12-05 02:00:00,12,98,49.816598724421056,93.55842321790307
2024-12-05 03:00:00,12,99,49.811617064548614,0.0
2024-12-05 04:00:00,12,100,49.80663590284215,0.0
2024-12-05 05:00:00,12,101,49.80165523925187,0.0
2024-12-05 06:00:00,12,102,49.79667507372794,0.0
2024-12-05 07:00:00,12,103,49.79169540622057,12.526534431991701
2024-12-05 08:00:00,12,104,50.36133170622362,100.0
2024-12-05 09:00:00,12,105,55.33487451386594,100.0
2024-12-05 10:00:00,12,106,62.76303683017408,100.0
2024-12-05 11:00:00,12,107,70.90974844816307,100.0
2024-12-05 12:00:00,12,108,80.29647736755197,100.0
2024-12-05 13:00:00,12,109,88.82906351702157,100.0
2024-12-05 14:00:00,12,110,95.66244871209234,100.0
2024-12-05 15:00:00,12,111,99.91973311941602,100.0
2024-12-05 16:00:00,12,112,99.99,100.0
2024-12-05 17:00:00,12,113,96.43738511055476,100.0
2024-12-05 18:00:00,12,114,92.50748662458514,100.0
2024-12-05 19:00:00,12,115,88.62067818503601,100.0
2024-12-05 20:00:00,12,116,84.757706809858,100.0
2024-12-05 21:00:00,12,117,80.88567238323195,100.0
2024-12-05 22:00:00,12,118,77.04709788009806,100.0
2024-12-05 23:00:00,12,119,73.2456547011362,100.0
2024-12-06 00:00:00,12,120,69.45999060492801,100.0
2024-12-06 01:00:00,12,121,65.69150391705935,100.0
2024-12-06 02:00:00,12,122,61.917619475946076,100.0
2024-12-06 03:00:00,12,123,58.16021131345974,100.0
2024-12-06 04:00:00,12,124,54.36643142506795,100.0
2024-12-06 05:00:00,12,125,50.50111087265253,100.0
2024-12-06 06:00:00,12,126,49.96862838097025,13.10025681656162
2024-12-06 07:00:00,12,127,49.96363151813215,12.45462693435726
2024-12-06 08:00:00,12,128,50.28567659942125,100.0
2024-12-06 09:00:00,12,129,55.0921284722264,100.0
2024-12-06 10:00:00,12,130,61.88009956280612,100.0
2024-12-06 11:00:00,12,131,69.85482393807256,100.0
2024-12-06 12:00:00,12,132,77.48611150129511,100.0
2024-12-06 13:00:00,12,133,84.2364974832315,100.0
2024-12-06 14:00:00,12,134,89.64885118968579,100.0
2024-12-06 15:00:00,12,135,93.1517359367548,100.0
2024-12-06 16:00:00,12,136,92.70420363429974,100.0
2024-12-06 17:00:00,12,137,88.8083655440324,100.0
2024-12-06 18:00:00,12,138,84.6477209196727,100.0
2024-12-06 19:00:00,12,139,80.55731254654665,100.0
2024-12-06 20:00:00,12,140,76.57318091600379,100.0
2024-12-06 21:00:00,12,141,72.6261951653457,100.0
2024-12-06 22:00:00,12,142,68.76482323846966,100.0
2024-12-06 23:00:00,12,143,64.96788303364414,100.0
2024-12-07 00:00:00,12,144,61.19337100287211,100.0
2024-12-07 01:00:00,12,145,57.41328683345298,100.0
2024-12-07 02:00:00,12,146,53.67260298235051,100.0
2024-12-07 03:00:00,12,147,49.80172443568146,103.86082400368582
2024-12-07 04:00:00,12,148,49.7967442632379,0.0
2024-12-07 05:00:00,12,149,49.791764588811574,0.0
2024-12-07 06:00:00,12,150,49.78678541235269,0.0
2024-12-07 07:00:00,12,151,49.78180673381146,10.014585382288542
2024-12-07 08:00:00,12,152,49.776828553138074,94.60405445294023
2024-12-07 09:00:00,12,153,53.69676676586859,100.0
2024-12-07 10:00:00,12,154,59.65517093266004,100.0
2024-12-07 11:00:00,12,155,66.24353734573096,100.0
2024-12-07 12:00:00,12,156,74.59103014750276,100.0
2024-12-07 13:00:00,12,157,82.44494842458188,100.0
2024-12-07 14:00:00,12,158,89.46832832113184,100.0
2024-12-07 15:00:00,12,159,94.32191498485932,100.0
2024-12-07 16:00:00,12,160,94.41962786384772,100.0
2024-12-07 17:00:00,12,161,90.50298244157803,100.0
2024-12-07 18:00:00,12,162,86.34514315045368,100.0
2024-12-07 19:00:00,12,163,82.27153886497125,100.0
2024-12-07 20:00:00,12,164,78.2805862701993,100.0
2024-12-07 21:00:00,12,165,74.32310549073634,100.0
2024-12-07 22:00:00,12,166,70.4094174676703,100.0
2024-12-07 23:00:00,12,167,66.54249261665062,100.0
2024-12-08 00:00:00,12,168,62.69870288989614,100.0
2024-12-08 01:00:00,12,169,58.80525099219812,100.0
2024-12-08 02:00:00,12,170,54.92251272795931,100.0
2024-12-08 03:00:00,12,171,51.06588596425209,100.0
2024-12-08 04:00:00,12,172,49.9389063486497,29.439982317437853
2024-12-08 05:00:00,12,173,49.93391245801484,0.0
2024-12-08 06:00:00,12,174,49.92891906676904,0.0
2024-12-08 07:00:00,12,175,49.92392617486237,10.999936145548437
2024-12-08 08:00:00,12,176,50.00053501433813,100.0
2024-12-08 09:00:00,12,177,53.976401227429946,100.0
2024-12-08 10:00:00,12,178,59.847106434233524,100.0
2024-12-08 11:00:00,12,179,69.30670877472488,100.0
2024-12-08 12:00:00,12,180,78.89029314289063,100.0
2024-12-08 13:00:00,12,181,88.19149865361663,100.0
2024-12-08 14:00:00,12,182,96.27892372541277,100.0
2024-12-08 15:00:00,12,183,99.99,100.0
2024-12-08 16:00:00,12,184,99.99,100.0
2024-12-08 17:00:00,12,185,95.82681665992897,100.0
2024-12-08 18:00:00,12,186,91.14295621126243,100.0
2024-12-08 19:00:00,12,187,86.52938433541199,100.0
2024-12-08 20:00:00,12,188,82.01549197689774,100.0
2024-12-08 21:00:00,12,189,77.51447515113001,100.0
2024-12-08 22:00:00,12,190,73.1992206520843,100.0
2024-12-08 23:00:00,12,191,69.34444096425685,100.0
2024-12-09 00:00:00,12,192,65.54009330431441,100.0
2024-12-09 01:00:00,12,193,61.74925017439571,100.0
2024-12-09 02:00:00,12,194,57.978734753581776,100.0
2024-12-09 03:00:00,12,195,54.20859638430993,100.0
2024-12-09 04:00:00,12,196,50.448284377460595,100.0
2024-12-09 05:00:00,12,197,49.97140844478827,12.29644110827359
2024-12-09 06:00:00,12,198,49.966411303943794,0.0
2024-12-09 07:00:00,12,199,49.961414662813404,20.82477483834845
2024-12-09 08:00:00,12,200,54.65117965462236,100.0
2024-12-09 09:00:00,12,201,67.80303489122412,100.0
2024-12-09 10:00:00,12,202,82.01605321787045,100.0
2024-12-09 11:00:00,12,203,95.34182375354972,100.0
2024-12-09 12:00:00,12,204,99.99,100.0
2024-12-09 13:00:00,12,205,99.99,100.0
2024-12-09 14:00:00,12,206,99.99,100.0
2024-12-09 15:00:00,12,207,99.99,100.0
2024-12-09 16:00:00,12,208,99.99,100.0
2024-12-09 17:00:00,12,209,95.84605815643724,100.0
2024-12-09 18:00:00,12,210,91.04967854027792,100.0
2024-12-09 19:00:00,12,211,86.60515433911442,100.0
2024-12-09 20:00:00,12,212,82.53519879918532,100.0
2024-12-09 21:00:00,12,213,78.53757029682268,100.0
2024-12-09 22:00:00,12,214,74.55066584557972,100.0
2024-12-09 23:00:00,12,215,70.59058326323412,100.0
2024-12-10 00:00:00,12,216,66.68391803398809,100.0
2024-12-10 01:00:00,12,217,62.80336669797018,100.0
2024-12-10 02:00:00,12,218,58.929852958683135,100.0
2024-12-10 03:00:00,12,219,55.073525412699944,100.0
2024-12-10 04:00:00,12,220,51.20445940421359,100.0
2024-12-10 05:00:00,12,221,49.93161373903825,31.966833618942726
2024-12-10 06:00:00,12,222,49.92662057766435,0.0
2024-12-10 07:00:00,12,223,49.92162791560658,17.063275158848842
2024-12-10 08:00:00,12,224,52.83541226745766,100.0
2024-12-10 09:00:00,12,225,62.86764733685448,100.0
2024-12-10 10:00:00,12,226,74.32555921922504,100.0
2024-12-10 11:00:00,12,227,87.15123049649874,100.0
2024-12-10 12:00:00,12,228,99.99,100.0
2024-12-10 13:00:00,12,229,99.99,100.0
2024-12-10 14:00:00,12,230,99.99,100.0
2024-12-10 15:00:00,12,231,99.99,100.0
2024-12-10 16:00:00,12,232,99.99,100.0
2024-12-10 17:00:00,12,233,95.46579562048215,100.0
2024-12-10 18:00:00,12,234,90.54381269197557,100.0
2024-12-10 19:00:00,12,235,85.84070690685081,100.0
2024-12-10 20:00:00,12,236,81.72445600842087,100.0
2024-12-10 21:00:00,12,237,77.77625517850646,100.0
2024-12-10 22:00:00,12,238,73.83947340869153,100.0
2024-12-10 23:00:00,12,239,69.97798015399115,100.0
2024-12-11 00:00:00,12,240,66.19334277698474,100.0
2024-12-11 01:00:00,12,241,62.41870820023839,100.0
2024-12-11 02:00:00,12,242,58.65092564061021,100.0
2024-12-11 03:00:00,12,243,54.90346848402976,100.0
2024-12-11 04:00:00,12,244,51.22025667008603,100.0
2024-12-11 05:00:00,12,245,49.93078238713584,33.965762871562674
2024-12-11 06:00:00,12,246,49.92578930889712,0.0
2024-12-11 07:00:00,12,247,49.920796729966234,22.796520288613024
2024-12-11 08:00:00,12,248,52.80995880220929,100.0
2024-12-11 09:00:00,12,249,61.15511321706551,100.0
2024-12-11 10:00:00,12,250,70.95818041132235,100.0
2024-12-11 11:00:00,12,251,80.51306007591342,100.0
2024-12-11 12:00:00,12,252,89.73764099020252,100.0
2024-12-11 13:00:00,12,253,99.17370200350048,100.0
2024-12-11 14:00:00,12,254,99.99,100.0
2024-12-11 15:00:00,12,255,99.99,100.0
2024-12-11 16:00:00,12,256,99.99,100.0
2024-12-11 17:00:00,12,257,95.95273665699538,100.0
2024-12-11 18:00:00,12,258,91.5106969449453,100.0
2024-12-11 19:00:00,12,259,87.1455711652349,100.0
2024-12-11 20:00:00,12,260,82.813954618152,100.0
2024-12-11 21:00:00,12,261,78.49292053305649,100.0
2024-12-11 22:00:00,12,262,74.22166514953862,100.0
2024-12-11 23:00:00,12,263,69.98390961160864,100.0
2024-12-12 00:00:00,12,264,65.7626767394153,100.0
2024-12-12 01:00:00,12,265,61.53241664192359,100.0
2024-12-12 02:00:00,12,266,57.328302797146826,100.0
2024-12-12 03:00:00,12,267,53.128284110426705,100.0
2024-12-12 04:00:00,12,268,49.83036993252549,78.2539484461568
2024-12-12 05:00:00,12,269,49.82538689553224,0.0
2024-12-12 06:00:00,12,270,49.82040435684269,0.0
2024-12-12 07:00:00,12,271,49.815422316407,11.330247626243056
2024-12-12 08:00:00,12,272,50.09852673656573,100.0
2024-12-12 09:00:00,12,273,54.51252239009657,100.0
2024-12-12 10:00:00,12,274,60.74055548917189,100.0
2024-12-12 11:00:00,12,275,67.72449694709212,100.0
2024-12-12 12:00:00,12,276,76.19885292641685,100.0
2024-12-12 13:00:00,12,277,83.60961787205005,100.0
2024-12-12 14:00:00,12,278,89.66407324196342,100.0
2024-12-12 15:00:00,12,279,93.30503443975867,100.0
2024-12-12 16:00:00,12,280,93.08592455871867,100.0
2024-12-12 17:00:00,12,281,89.0866719068608,100.0
2024-12-12 18:00:00,12,282,84.75853599637593,100.0
2024-12-12 19:00:00,12,283,80.46303067984778,100.0
2024-12-12 20:00:00,12,284,76.22465100536476,100.0
2024-12-12 21:00:00,12,285,71.99334471044648,100.0
2024-12-12 22:00:00,12,286,67.79185951953504,100.0
2024-12-12 23:00:00,12,287,63.61354290892278,100.0
2024-12-13 00:00:00,12,288,59.46206730842386,100.0
2024-12-13 01:00:00,12,289,55.33078049233999,100.0
2024-12-13 02:00:00,12,290,51.21023109320717,100.0
2024-12-13 03:00:00,12,291,49.93130999631064,31.005023216220096
2024-12-13 04:00:00,12,292,49.926316865311,0.0
2024-12-13 05:00:00,12,293,49.921324233624475,0.0
2024-12-13 06:00:00,12,294,49.916332101201114,0.0
2024-12-13 07:00:00,12,295,49.911340467990996,10.011284873914109
2024-12-13 08:00:00,12,296,49.9063493339442,93.08906234357035
2024-12-13 09:00:00,12,297,53.62476802626121,100.0
2024-12-13 10:00:00,12,298,58.62861039817482,100.0
2024-12-13 11:00:00,12,299,67.31831434520763,100.0
2024-12-13 12:00:00,12,300,76.512015429702,100.0
2024-12-13 13:00:00,12,301,85.31930493121872,100.0
2024-12-13 14:00:00,12,302,93.63128952119034,100.0
2024-12-13 15:00:00,12,303,99.80497545704324,100.0
2024-12-13 16:00:00,12,304,99.99,100.0
2024-12-13 17:00:00,12,305,95.6013951266491,100.0
2024-12-13 18:00:00,12,306,90.7131713099885,100.0
2024-12-13 19:00:00,12,307,85.91817992219768,100.0
2024-12-13 20:00:00,12,308,81.20888715875265,100.0
2024-12-13 21:00:00,12,309,76.47364214613168,100.0
2024-12-13 22:00:00,12,310,71.74254540468414,100.0
2024-12-13 23:00:00,12,311,67.04866923963246,100.0
2024-12-14 00:00:00,12,312,62.403734120682586,100.0
2024-12-14 01:00:00,12,313,57.810009996907894,100.0
2024-12-14 02:00:00,12,314,53.54379769936873,100.0
2024-12-14 03:00:00,12,315,49.80850298317901,88.72549995629346
2024-12-14 04:00:00,12,316,49.803522132880694,0.0
2024-12-14 05:00:00,12,317,49.79854178066741,0.0
2024-12-14 06:00:00,12,318,49.79356192648934,0.0
2024-12-14 07:00:00,12,319,49.78858257029669,11.733656633085165
2024-12-14 08:00:00,12,320,49.83129354191437,100.0
2024-12-14 09:00:00,12,321,54.275681335274705,100.0
2024-12-14 10:00:00,12,322,60.67649609803346,100.0
2024-12-14 11:00:00,12,323,68.11627609940804,100.0
2024-12-14 12:00:00,12,324,75.52570374260597,100.0
2024-12-14 13:00:00,12,325,82.78589742430133,100.0
2024-12-14 14:00:00,12,326,88.96637337762863,100.0
2024-12-14 15:00:00,12,327,92.84915444241257,100.0
2024-12-14 16:00:00,12,328,92.3979798848691,100.0
2024-12-14 17:00:00,12,329,88.28931491621465,100.0
2024-12-14 18:00:00,12,330,83.94061016488999,100.0
2024-12-14 19:00:00,12,331,79.8598968393618,100.0
2024-12-14 20:00:00,12,332,75.84941177193738,100.0
2024-12-14 21:00:00,12,333,71.87537526799434,100.0
2024-12-14 22:00:00,12,334,67.96193201795057,100.0
2024-12-14 23:00:00,12,335,64.09805172246419,100.0
2024-12-15 00:00:00,12,336,60.283904413176494,100.0
2024-12-15 01:00:00,12,337,56.510560732013595,100.0
2024-12-15 02:00:00,12,338,52.760342816998914,100.0
2024-12-15 03:00:00,12,339,49.84973332722541,77.72599575733918
2024-12-15 04:00:00,12,340,49.84474835389269,0.0
2024-12-15 05:00:00,12,341,49.8397638790573,0.0
2024-12-15 06:00:00,12,342,49.834779902669396,0.0
2024-12-15 07:00:00,12,343,49.82979642467913,24.684184561088816
2024-12-15 08:00:00,12,344,53.755993211635186,100.0
2024-12-15 09:00:00,12,345,63.5487404314064,100.0
2024-12-15 10:00:00,12,346,74.41970569806281,100.0
2024-12-15 11:00:00,12,347,86.8158770882861,100.0
2024-12-15 12:00:00,12,348,99.66205951452568,100.0
2024-12-15 13:00:00,12,349,99.99,100.0
2024-12-15 14:00:00,12,350,99.99,100.0
2024-12-15 15:00:00,12,351,99.99,100.0
2024-12-15 16:00:00,12,352,99.99,100.0
2024-12-15 17:00:00,12,353,96.36037770474591,100.0
2024-12-15 18:00:00,12,354,92.20265262584233,100.0
2024-12-15 19:00:00,12,355,88.12776263766531,100.0
2024-12-15 20:00:00,12,356,84.16264759896835,100.0
2024-12-15 21:00:00,12,357,80.22155244323923,100.0
2024-12-15 22:00:00,12,358,76.36012093238247,100.0
2024-12-15 23:00:00,12,359,72.52567373106587,100.0
2024-12-16 00:00:00,12,360,68.7341320431045,100.0
2024-12-16 01:00:00,12,361,64.97306743443635,100.0
2024-12-16 02:00:00,12,362,61.211678980482,100.0
2024-12-16 03:00:00,12,363,57.48076459049749,100.0
2024-12-16 04:00:00,12,364,53.72677490842479,100.0
2024-12-16 05:00:00,12,365,49.79887356679295,101.77523135243851
2024-12-16 06:00:00,12,366,49.79389367943627,0.0
2024-12-16 07:00:00,12,367,49.788914290068334,10.26033604423558
2024-12-16 08:00:00,12,368,49.78393539863932,90.55992417124774
2024-12-16 09:00:00,12,369,53.22690826847638,100.0
2024-12-16 10:00:00,12,370,58.691304678406674,100.0
2024-12-16 11:00:00,12,371,67.62832243814479,100.0
2024-12-16 12:00:00,12,372,76.17533077307816,100.0
2024-12-16 13:00:00,12,373,84.60976428767766,100.0
2024-12-16 14:00:00,12,374,91.89120249276786,100.0
2024-12-16 15:00:00,12,375,97.3511257217123,100.0
2024-12-16 16:00:00,12,376,97.5866427215109,100.0
2024-12-16 17:00:00,12,377,92.9851727572348,100.0
2024-12-16 18:00:00,12,378,87.88495019550916,100.0
2024-12-16 19:00:00,12,379,82.85873258948305,100.0
2024-12-16 20:00:00,12,380,77.99750626578138,100.0
2024-12-16 21:00:00,12,381,73.42497119657229,100.0
2024-12-16 22:00:00,12,382,69.54742050191028,100.0
2024-12-16 23:00:00,12,383,65.73710295416389,100.0
2024-12-17 00:00:00,12,384,61.98596238492699,100.0
2024-12-17 01:00:00,12,385,58.238171724672114,100.0
2024-12-17 02:00:00,12,386,54.50475487842487,100.0
2024-12-17 03:00:00,12,387,50.77451118085056,100.0
2024-12-17 04:00:00,12,388,49.95424033001407,21.946432026843883
2024-12-17 05:00:00,12,389,49.949244905981075,0.0
2024-12-17 06:00:00,12,390,49.94424998149048,0.0
2024-12-17 07:00:00,12,391,49.93925555649233,12.155171779860138
2024-12-17 08:00:00,12,392,50.15600896610837,100.0
2024-12-17 09:00:00,12,393,54.31214695334289,100.0
2024-12-17 10:00:00,12,394,61.28844444909208,100.0
2024-12-17 11:00:00,12,395,68.48533541404313,100.0
2024-12-17 12:00:00,12,396,77.44965477415319,100.0
2024-12-17 13:00:00,12,397,85.33573417131994,100.0
2024-12-17 14:00:00,12,398,92.00128738714159,100.0
2024-12-17 15:00:00,12,399,96.005971909709,100.0
2024-12-17 16:00:00,12,400,95.88145971391982,100.0
2024-12-17 17:00:00,12,401,92.1329756869361,100.0
2024-12-17 18:00:00,12,402,88.04181878833334,100.0
2024-12-17 19:00:00,12,403,84.00776709693393,100.0
2024-12-17 20:00:00,12,404,80.04306405779106,100.0
2024-12-17 21:00:00,12,405,76.12512929219615,100.0
2024-12-17 22:00:00,12,406,72.2670822185796,100.0
2024-12-17 23:00:00,12,407,68.45649270466153,100.0
2024-12-18 00:00:00,12,408,64.68233176466948,100.0
2024-12-18 01:00:00,12,409,60.91152303569653,100.0
2024-12-18 02:00:00,12,410,57.16086502445149,100.0
2024-12-18 03:00:00,12,411,53.42668096919041,100.0
2024-12-18 04:00:00,12,412,49.81466640520561,96.85153170334661
2024-12-18 05:00:00,12,413,49.809684938565084,0.0
2024-12-18 06:00:00,12,414,49.80470397007123,0.0
2024-12-18 07:00:00,12,415,49.79972349967422,10.177207697441077
2024-12-18 08:00:00,12,416,49.79474352732425,98.9314408460335
2024-12-18 09:00:00,12,417,54.182451494571005,100.0
2024-12-18 10:00:00,12,418,60.045907152345755,100.0
2024-12-18 11:00:00,12,419,67.03311822169785,100.0
2024-12-18 12:00:00,12,420,76.07357994193103,100.0
2024-12-18 13:00:00,12,421,84.27779953523171,100.0
2024-12-18 14:00:00,12,422,91.19908655374972,100.0
2024-12-18 15:00:00,12,423,95.94809224651941,100.0
2024-12-18 16:00:00,12,424,96.35131622624405,100.0
2024-12-18 17:00:00,12,425,92.65661144701589,100.0
2024-12-18 18:00:00,12,426,88.6742446815081,100.0
2024-12-18 19:00:00,12,427,84.7186993311291,100.0
2024-12-18 20:00:00,12,428,80.8099213385292,100.0
2024-12-18 21:00:00,12,429,76.89558463387837,100.0
2024-12-18 22:00:00,12,430,73.0308109731304,100.0
2024-12-18 23:00:00,12,431,69.17307333134576,100.0
2024-12-19 00:00:00,12,432,65.33934483478923,100.0
2024-12-19 01:00:00,12,433,61.54274717780408,100.0
2024-12-19 02:00:00,12,434,57.71258152085124,100.0
2024-12-19 03:00:00,12,435,53.85637570201182,100.0
2024-12-19 04:00:00,12,436,50.01752933362097,100.0
2024-12-19 05:00:00,12,437,49.99407749575329,0.47348807608513693
2024-12-19 06:00:00,12,438,49.989078088003716,0.0
2024-12-19 07:00:00,12,439,49.98407918019492,17.28792144106001
2024-12-19 08:00:00,12,440,52.897396994437344,100.0
2024-12-19 09:00:00,12,441,63.675433184841644,100.0
2024-12-19 10:00:00,12,442,76.06955601004489,100.0
2024-12-19 11:00:00,12,443,90.56055901815515,100.0
2024-12-19 12:00:00,12,444,99.99,100.0
2024-12-19 13:00:00,12,445,99.99,100.0
2024-12-19 14:00:00,12,446,99.99,100.0
2024-12-19 15:00:00,12,447,99.99,100.0
2024-12-19 16:00:00,12,448,99.99,100.0
2024-12-19 17:00:00,12,449,96.49812045353255,100.0
2024-12-19 18:00:00,12,450,92.52569382539352,100.0
2024-12-19 19:00:00,12,451,88.60721074856893,100.0
2024-12-19 20:00:00,12,452,84.72814182995174,100.0
2024-12-19 21:00:00,12,453,80.84351122837623,100.0
2024-12-19 22:00:00,12,454,77.00861568803002,100.0
2024-12-19 23:00:00,12,455,73.1865277807485,100.0
2024-12-20 00:00:00,12,456,69.38179591212442,100.0
2024-12-20 01:00:00,12,457,65.60089290021438,100.0
2024-12-20 02:00:00,12,458,61.82999231512787,100.0
2024-12-20 03:00:00,12,459,58.07924245695487,100.0
2024-12-20 04:00:00,12,460,54.322218132170455,100.0
2024-12-20 05:00:00,12,461,50.4803503846115,100.0
2024-12-20 06:00:00,12,462,49.96972092896985,12.810303503205564
2024-12-20 07:00:00,12,463,49.96472395687695,20.914698568046774
2024-12-20 08:00:00,12,464,54.59825605166443,100.0
2024-12-20 09:00:00,12,465,67.01019039778649,100.0
2024-12-20 10:00:00,12,466,81.76345537815364,100.0
2024-12-20 11:00:00,12,467,94.59614425029105,100.0
2024-12-20 12:00:00,12,468,99.99,100.0
2024-12-20 13:00:00,12,469,99.99,100.0
2024-12-20 14:00:00,12,470,99.99,100.0
2024-12-20 15:00:00,12,471,99.99,100.0
2024-12-20 16:00:00,12,472,99.99,100.0
2024-12-20 17:00:00,12,473,96.64877264907338,100.0
2024-12-20 18:00:00,12,474,92.55716417077441,100.0
2024-12-20 19:00:00,12,475,88.52546075182508,100.0
2024-12-20 20:00:00,12,476,84.56030594331672,100.0
2024-12-20 21:00:00,12,477,80.6382447068611,100.0
2024-12-20 22:00:00,12,478,76.77974632170307,100.0
2024-12-20 23:00:00,12,479,72.96503079470253,100.0
2024-12-21 00:00:00,12,480,69.16679562943752,100.0
2024-12-21 01:00:00,12,481,65.40866254933584,100.0
2024-12-21 02:00:00,12,482,61.68100320766662,100.0
2024-12-21 03:00:00,12,483,57.969990510051176,100.0
2024-12-21 04:00:00,12,484,54.24902462543605,100.0
2024-12-21 05:00:00,12,485,50.29692179706268,100.0
2024-12-21 06:00:00,12,486,49.979374099743,6.524936180594423
2024-12-21 07:00:00,12,487,49.97437616233303,8.036258425440908
2024-12-21 08:00:00,12,488,49.9693787247168,68.28459338386374
2024-12-21 09:00:00,12,489,51.175798806324025,100.0
2024-12-21 10:00:00,12,490,53.72090260608915,100.0
2024-12-21 11:00:00,12,491,55.416184939919965,100.0
2024-12-21 12:00:00,12,492,58.07088880012582,100.0
2024-12-21 13:00:00,12,493,60.198461948023805,100.0
2024-12-21 14:00:00,12,494,61.55098497071432,100.0
2024-12-21 15:00:00,12,495,61.726704270774704,100.0
2024-12-21 16:00:00,12,496,59.715312843260946,100.0
2024-12-21 17:00:00,12,497,55.23793144508312,100.0
2024-12-21 18:00:00,12,498,50.565479378282404,100.0
2024-12-21 19:00:00,12,499,49.96524090366607,12.823866229946201
2024-12-21 20:00:00,12,500,49.960244379575705,0.0
2024-12-21 21:00:00,12,501,49.95524835513775,0.0
2024-12-21 22:00:00,12,502,49.95025283030224,0.0
2024-12-21 23:00:00,12,503,49.94525780501921,0.0
2024-12-22 00:00:00,12,504,49.94026327923871,0.0
2024-12-22 01:00:00,12,505,49.935269252910786,0.0
2024-12-22 02:00:00,12,506,49.9302757259855,0.0
2024-12-22 03:00:00,12,507,49.9252826984129,0.0
2024-12-22 04:00:00,12,508,49.92029017014306,0.0
2024-12-22 05:00:00,12,509,49.915298141126044,0.0
2024-12-22 06:00:00,12,510,49.91030661131193,0.0
2024-12-22 07:00:00,12,511,49.90531558065081,10.309750333033332
2024-12-22 08:00:00,12,512,49.90032504909275,98.39083022978522
2024-12-22 09:00:00,12,513,53.20581022165466,100.0
2024-12-22 10:00:00,12,514,58.368476118582095,100.0
2024-12-22 11:00:00,12,515,66.85857040538409,100.0
2024-12-22 12:00:00,12,516,75.3573371682363,100.0
2024-12-22 13:00:00,12,517,83.9836640171163,100.0
2024-12-22 14:00:00,12,518,92.14065933393485,100.0
2024-12-22 15:00:00,12,519,97.75049200507172,100.0
2024-12-22 16:00:00,12,520,98.43812817233282,100.0
2024-12-22 17:00:00,12,521,94.36596165505236,100.0
2024-12-22 18:00:00,12,522,89.75871702025479,100.0
2024-12-22 19:00:00,12,523,85.178356288373,100.0
2024-12-22 20:00:00,12,524,80.50588497401304,100.0
2024-12-22 21:00:00,12,525,75.69196569006405,100.0
2024-12-22 22:00:00,12,526,70.77266009629759,100.0
2024-12-22 23:00:00,12,527,65.8935686947373,100.0
2024-12-23 00:00:00,12,528,61.0707863541468,100.0
2024-12-23 01:00:00,12,529,56.2353621965326,100.0
2024-12-23 02:00:00,12,530,51.407071122931434,100.0
2024-12-23 03:00:00,12,531,49.92095103074636,30.79251498389248
2024-12-23 04:00:00,12,532,49.91595893564328,0.0
2024-12-23 05:00:00,12,533,49.91096733974972,0.0
2024-12-23 06:00:00,12,534,49.90597624301574,0.0
2024-12-23 07:00:00,12,535,49.90098564539144,7.284092274360493
2024-12-23 08:00:00,12,536,49.8959955468269,62.43565232756249
2024-12-23 09:00:00,12,537,50.522910425443136,100.0
2024-12-23 10:00:00,12,538,52.47334869226729,100.0
2024-12-23 11:00:00,12,539,53.17543846284316,100.0
2024-12-23 12:00:00,12,540,55.462232470702524,100.0
2024-12-23 13:00:00,12,541,57.06438135519696,100.0
2024-12-23 14:00:00,12,542,57.79781177537438,100.0
2024-12-23 15:00:00,12,543,57.510131585975685,100.0
2024-12-23 16:00:00,12,544,54.80283858447,100.0
2024-12-23 17:00:00,12,545,49.74224429996781,96.09141599833283
2024-12-23 18:00:00,12,546,49.73727007553781,0.0
2024-12-23 19:00:00,12,547,49.732296348530255,0.0
2024-12-23 20:00:00,12,548,49.7273231188954,0.0
2024-12-23 21:00:00,12,549,49.722350386583514,0.0
2024-12-23 22:00:00,12,550,49.71737815154486,0.0
2024-12-23 23:00:00,12,551,49.7124064137297,0.0
2024-12-24 00:00:00,12,552,49.70743517308833,0.0
2024-12-24 01:00:00,12,553,49.702464429571016,0.0
2024-12-24 02:00:00,12,554,49.69749418312806,0.0
2024-12-24 03:00:00,12,555,49.69252443370974,0.0
2024-12-24 04:00:00,12,556,49.687555181266376,0.0
2024-12-24 05:00:00,12,557,49.682586425748255,0.0
2024-12-24 06:00:00,12,558,49.67761816710568,0.0
2024-12-24 07:00:00,12,559,49.67265040528896,16.369347705998237
2024-12-24 08:00:00,12,560,52.2455717691126,100.0
2024-12-24 09:00:00,12,561,61.33217926955605,100.0
2024-12-24 10:00:00,12,562,73.37251629329305,100.0
2024-12-24 11:00:00,12,563,85.75896711410121,100.0
2024-12-24 12:00:00,12,564,98.15513076550754,100.0
2024-12-24 13:00:00,12,565,99.99,100.0
2024-12-24 14:00:00,12,566,99.99,100.0
2024-12-24 15:00:00,12,567,99.99,100.0
2024-12-24 16:00:00,12,568,99.99,100.0
2024-12-24 17:00:00,12,569,95.78191653463247,100.0
2024-12-24 18:00:00,12,570,91.1281585011029,100.0
2024-12-24 19:00:00,12,571,86.52123764662073,100.0
2024-12-24 20:00:00,12,572,81.97129858780075,100.0
2024-12-24 21:00:00,12,573,77.43721346132239,100.0
2024-12-24 22:00:00,12,574,72.91390603162611,100.0
2024-12-24 23:00:00,12,575,68.42044890605018,100.0
2024-12-25 00:00:00,12,576,63.94738975097858,100.0
2024-12-25 01:00:00,12,577,59.5283242104741,100.0
2024-12-25 02:00:00,12,578,55.29133805489095,100.0
2024-12-25 03:00:00,12,579,51.104647159902804,100.0
2024-12-25 04:00:00,12,580,49.93686648972701,29.464690707154713
2024-12-25 05:00:00,12,581,49.93187280307804,0.0
2024-12-25 06:00:00,12,582,49.92687961579773,0.0
2024-12-25 07:00:00,12,583,49.92188692783615,10.123451426798143
2024-12-25 08:00:00,12,584,49.916894739143366,95.21135333386334
2024-12-25 09:00:00,12,585,54.243673375084036,100.0
2024-12-25 10:00:00,12,586,60.49661077108658,100.0
2024-12-25 11:00:00,12,587,67.07301056387003,100.0
2024-12-25 12:00:00,12,588,74.86531104335153,100.0
2024-12-25 13:00:00,12,589,81.65538171254354,100.0
2024-12-25 14:00:00,12,590,88.92876813479775,100.0
2024-12-25 15:00:00,12,591,93.73709960861443,100.0
2024-12-25 16:00:00,12,592,94.15235999477977,100.0
2024-12-25 17:00:00,12,593,90.53844721015054,100.0
2024-12-25 18:00:00,12,594,86.63276198943491,100.0
2024-12-25 19:00:00,12,595,82.76421480396306,100.0
2024-12-25 20:00:00,12,596,78.94890083011428,100.0
2024-12-25 21:00:00,12,597,75.10387046253845,100.0
2024-12-25 22:00:00,12,598,71.30909615997885,100.0
2024-12-25 23:00:00,12,599,67.54042456155467,100.0
2024-12-26 00:00:00,12,600,63.78910366015705,100.0
2024-12-26 01:00:00,12,601,60.02485880765504,100.0
2024-12-26 02:00:00,12,602,56.28391379935515,100.0
2024-12-26 03:00:00,12,603,52.55069237890043,100.0
2024-12-26 04:00:00,12,604,49.86076645738618,72.20460216112812
2024-12-26 05:00:00,12,605,49.85578038074044,0.0
2024-12-26 06:00:00,12,606,49.85079480270237,0.0
2024-12-26 07:00:00,12,607,49.8458097232221,11.33983532476185
2024-12-26 08:00:00,12,608,49.84082514224978,89.94700416079343
2024-12-26 09:00:00,12,609,52.077209491120435,100.0
2024-12-26 10:00:00,12,610,56.12254554613251,100.0
2024-12-26 11:00:00,12,611,60.63947263507949,100.0
2024-12-26 12:00:00,12,612,66.61159672784169,100.0
2024-12-26 13:00:00,12,613,71.94726782277358,100.0
2024-12-26 14:00:00,12,614,76.41384067208469,100.0
2024-12-26 15:00:00,12,615,79.53270026917792,100.0
2024-12-26 16:00:00,12,616,79.17815014325107,100.0
2024-12-26 17:00:00,12,617,74.46684913646028,100.0
2024-12-26 18:00:00,12,618,69.27660974029244,100.0
2024-12-26 19:00:00,12,619,64.40064273869285,100.0
2024-12-26 20:00:00,12,620,60.25206322313604,100.0
2024-12-26 21:00:00,12,621,56.42570138125084,100.0
2024-12-26 22:00:00,12,622,52.64171928037462,100.0
2024-12-26 23:00:00,12,623,49.855976046923864,73.99090612429559
2024-12-27 00:00:00,12,624,49.85099044931917,0.0
2024-12-27 01:00:00,12,625,49.84600535027424,0.0
2024-12-27 02:00:00,12,626,46.14930024770227,100.0
2024-12-27 03:00:00,12,627,42.475888235357445,100.0
2024-12-27 04:00:00,12,628,38.779920144496984,100.0
2024-12-27 05:00:00,12,629,34.99175303189427,100.0
2024-12-27 06:00:00,12,630,34.98825385659108,0.0
2024-12-27 07:00:00,12,631,34.984755031205424,9.028342106130127
2024-12-27 08:00:00,12,632,34.98125655570231,74.94520638304752
2024-12-27 09:00:00,12,633,37.005473407522146,100.0
2024-12-27 10:00:00,12,634,40.0786265639099,100.0
2024-12-27 11:00:00,12,635,42.759194994643444,100.0
2024-12-27 12:00:00,12,636,46.78767446980167,100.0
2024-12-27 13:00:00,12,637,49.662920280298486,100.0
2024-12-27 14:00:00,12,638,51.90626972427731,100.0
2024-12-27 15:00:00,12,639,52.793622259603545,100.0
2024-12-27 16:00:00,12,640,51.495577700808106,100.0
2024-12-27 17:00:00,12,641,49.916293255629576,45.74445924687562
2024-12-27 18:00:00,12,642,49.91130162630402,0.0
2024-12-27 19:00:00,12,643,49.906310496141394,0.0
2024-12-27 20:00:00,12,644,49.90131986509178,0.0
2024-12-27 21:00:00,12,645,49.89632973310527,0.0
2024-12-27 22:00:00,12,646,49.891340100131956,0.0
2024-12-27 23:00:00,12,647,49.886350966121945,0.0
2024-12-28 00:00:00,12,648,49.88136233102533,0.0
2024-12-28 01:00:00,12,649,49.876374194792234,0.0
2024-12-28 02:00:00,12,650,49.87138655737275,0.0
2024-12-28 03:00:00,12,651,49.866399418717016,0.0
2024-12-28 04:00:00,12,652,49.86141277877515,0.0
2024-12-28 05:00:00,12,653,49.85642663749727,0.0
2024-12-28 06:00:00,12,654,49.851440994833524,0.0
2024-12-28 07:00:00,12,655,49.84645585073404,11.120571884540835
2024-12-28 08:00:00,12,656,49.84147120514897,98.67459851597033
2024-12-28 09:00:00,12,657,53.903976957345634,100.0
2024-12-28 10:00:00,12,658,60.232428228367965,100.0
2024-12-28 11:00:00,12,659,69.7603440388941,100.0
2024-12-28 12:00:00,12,660,79.29333186708651,100.0
2024-12-28 13:00:00,12,661,88.31941457672151,100.0
2024-12-28 14:00:00,12,662,96.27675039548491,100.0
2024-12-28 15:00:00,12,663,99.99,100.0
2024-12-28 16:00:00,12,664,99.99,100.0
2024-12-28 17:00:00,12,665,96.43492190446787,100.0
2024-12-28 18:00:00,12,666,92.35960868936299,100.0
2024-12-28 19:00:00,12,667,88.35154839742574,100.0
2024-12-28 20:00:00,12,668,84.41668389321404,100.0
2024-12-28 21:00:00,12,669,80.53138448568511,100.0
2024-12-28 22:00:00,12,670,76.68917066466882,100.0
2024-12-28 23:00:00,12,671,72.89056308541682,100.0
2024-12-29 00:00:00,12,672,69.11595873838668,100.0
2024-12-29 01:00:00,12,673,65.36448028357137,100.0
2024-12-29 02:00:00,12,674,61.627376011543134,100.0
2024-12-29 03:00:00,12,675,57.899394846780616,100.0
2024-12-29 04:00:00,12,676,54.149038048354456,100.0
2024-12-29 05:00:00,12,677,50.302812920384646,100.0
2024-12-29 06:00:00,12,678,49.9790640716267,8.08314254333003
2024-12-29 07:00:00,12,679,49.97406616521955,10.250176389435612
2024-12-29 08:00:00,12,680,49.96906875860302,87.86369296575366
2024-12-29 09:00:00,12,681,52.13355445861705,100.0
2024-12-29 10:00:00,12,682,56.04214575533566,100.0
2024-12-29 11:00:00,12,683,61.37262675290486,100.0
2024-12-29 12:00:00,12,684,68.16965890103253,100.0
2024-12-29 13:00:00,12,685,73.587881831575,100.0
2024-12-29 14:00:00,12,686,78.51951328686927,100.0
2024-12-29 15:00:00,12,687,82.33081728193001,100.0
2024-12-29 16:00:00,12,688,82.8559818712185,100.0
2024-12-29 17:00:00,12,689,79.23422763846146,100.0
2024-12-29 18:00:00,12,690,75.19440716457979,100.0
2024-12-29 19:00:00,12,691,71.24388454462466,100.0
2024-12-29 20:00:00,12,692,67.32385490205597,100.0
2024-12-29 21:00:00,12,693,63.413841598973896,100.0
2024-12-29 22:00:00,12,694,59.57701427891845,100.0
2024-12-29 23:00:00,12,695,55.76331907337511,100.0
2024-12-30 00:00:00,12,696,52.013875834273385,100.0
2024-12-30 01:00:00,12,697,49.88901713438474,57.15643133299393
2024-12-30 02:00:00,12,698,49.8840282326713,0.0
2024-12-30 03:00:00,12,699,49.879039829848026,0.0
2024-12-30 04:00:00,12,700,49.87405192586505,0.0
2024-12-30 05:00:00,12,701,49.86906452067246,0.0
2024-12-30 06:00:00,12,702,49.86407761422039,0.0
2024-12-30 07:00:00,12,703,49.85909120645897,21.346723924637136
2024-12-30 08:00:00,12,704,54.2116514075413,100.0
2024-12-30 09:00:00,12,705,67.16563665336824,100.0
2024-12-30 10:00:00,12,706,80.96264411286964,100.0
2024-12-30 11:00:00,12,707,94.6484082833994,100.0
2024-12-30 12:00:00,12,708,99.99,100.0
2024-12-30 13:00:00,12,709,99.99,100.0
2024-12-30 14:00:00,12,710,99.99,100.0
2024-12-30 15:00:00,12,711,99.99,100.0
2024-12-30 16:00:00,12,712,99.99,100.0
2024-12-30 17:00:00,12,713,96.78372827643308,100.00000000000003
2024-12-30 18:00:00,12,714,92.80094879924232,100.0
2024-12-30 19:00:00,12,715,88.8721139086509,100.0
2024-12-30 20:00:00,12,716,85.01944167816997,100.0
2024-12-30 21:00:00,12,717,81.20687697655889,100.0
2024-12-30 22:00:00,12,718,77.43354085338088,100.0
2024-12-30 23:00:00,12,719,73.6745810987568,100.0
2024-01-01 00:00:00,1,720,49.995,1.0454256245677216
2024-01-01 01:00:00,1,721,49.9900005,1.0501358540678156
2024-01-01 02:00:00,1,722,49.98500149995,1.0557846761960528
2024-01-01 03:00:00,1,723,49.98000299980001,1.0559839842665038
2024-01-01 04:00:00,1,724,49.97500499950003,1.0511718802322159
2024-01-01 05:00:00,1,725,49.97000749900008,1.0310697499019834
2024-01-01 06:00:00,1,726,49.96501049825018,1.0168716889030605
2024-01-01 07:00:00,1,727,49.960013997200356,6.743287249153328
2024-01-01 08:00:00,1,728,51.05202121335596,100.0
2024-01-01 09:00:00,1,729,58.59674566417322,100.0
2024-01-01 10:00:00,1,730,68.09269811497248,100.0
2024-01-01 11:00:00,1,731,77.72691424386461,100.0
2024-01-01 12:00:00,1,732,88.59807081195696,100.0
2024-01-01 13:00:00,1,733,99.99,100.0
2024-01-01 14:00:00,1,734,99.99,100.0
2024-01-01 15:00:00,1,735,99.99,100.0
2024-01-01 16:00:00,1,736,99.99,100.0
2024-01-01 17:00:00,1,737,97.42073121481484,100.0
2024-01-01 18:00:00,1,738,93.52630545072412,100.0
2024-01-01 19:00:00,1,739,89.67854910823974,100.0
2024-01-01 20:00:00,1,740,85.89802293323574,100.0
2024-01-01 21:00:00,1,741,82.08182729587462,100.0
2024-01-01 22:00:00,1,742,78.28596190286902,100.0
2024-01-01 23:00:00,1,743,74.50657498658556,100.0
2024-01-02 00:00:00,1,744,70.74366489917658,100.0
2024-01-02 01:00:00,1,745,66.9848058494485,100.0
2024-01-02 02:00:00,1,746,63.23962176881992,100.0
2024-01-02 03:00:00,1,747,59.52491013172384,100.0
2024-01-02 04:00:00,1,748,55.810569965791466,100.0
2024-01-02 05:00:00,1,749,52.03710533537389,100.0
2024-01-02 06:00:00,1,750,49.8877946513242,55.828874709253064
2024-01-02 07:00:00,1,751,49.88280587185907,6.631233494695461
2024-01-02 08:00:00,1,752,50.394692712482495,100.0
2024-01-02 09:00:00,1,753,56.593648523167836,100.0
2024-01-02 10:00:00,1,754,64.97415040252187,100.0
2024-01-02 11:00:00,1,755,74.89212440574902,100.0
2024-01-02 12:00:00,1,756,84.69043221764473,100.0
2024-01-02 13:00:00,1,757,94.65293147593293,100.0
2024-01-02 14:00:00,1,758,99.99,100.0
2024-01-02 15:00:00,1,759,99.99,100.0
2024-01-02 16:00:00,1,760,99.99,100.0
2024-01-02 17:00:00,1,761,97.11492727785412,100.0
2024-01-02 18:00:00,1,762,93.2630541627922,100.0
2024-01-02 19:00:00,1,763,89.43877252896381,100.0
2024-01-02 20:00:00,1,764,85.63849669476272,100.0
2024-01-02 21:00:00,1,765,81.80622811984261,100.0
2024-01-02 22:00:00,1,766,77.98309216861851,100.0
2024-01-02 23:00:00,1,767,74.18763664912564,100.0
2024-01-03 00:00:00,1,768,70.41233431203972,100.0
2024-01-03 01:00:00,1,769,66.64703384170987,100.0
2024-01-03 02:00:00,1,770,62.898208791609875,100.0
2024-01-03 03:00:00,1,771,59.149758624014915,100.0
2024-01-03 04:00:00,1,772,55.38925915792603,100.0
2024-01-03 05:00:00,1,773,51.5827639385397,100.0
2024-01-03 06:00:00,1,774,49.911704965150214,43.90502071157371
2024-01-03 07:00:00,1,775,49.906713794653704,3.7587764820963154
2024-01-03 08:00:00,1,776,49.901723123274245,84.11593371140495
2024-01-03 09:00:00,1,777,54.620757493168945,100.0
2024-01-03 10:00:00,1,778,61.307096270951625,100.0
2024-01-03 11:00:00,1,779,68.5685464585239,100.0
2024-01-03 12:00:00,1,780,76.64501393150894,100.0
2024-01-03 13:00:00,1,781,84.55130802673955,100.0
2024-01-03 14:00:00,1,782,92.18860578120828,100.0
2024-01-03 15:00:00,1,783,98.65400189679924,100.0
2024-01-03 16:00:00,1,784,99.99,100.0
2024-01-03 17:00:00,1,785,97.14994867745183,100.0
2024-01-03 18:00:00,1,786,93.2576498468561,100.0
2024-01-03 19:00:00,1,787,89.43039395853418,100.0
2024-01-03 20:00:00,1,788,85.63589356410355,100.0
2024-01-03 21:00:00,1,789,81.8387978247873,100.0
2024-01-03 22:00:00,1,790,78.03630719313155,100.0
2024-01-03 23:00:00,1,791,74.2275472689417,100.0
2024-01-04 00:00:00,1,792,70.42214301566938,100.0
2024-01-04 01:00:00,1,793,66.63321819300522,100.0
2024-01-04 02:00:00,1,794,62.87109544127559,100.0
2024-01-04 03:00:00,1,795,59.113023648493304,100.0
2024-01-04 04:00:00,1,796,55.349553060976874,100.0
2024-01-04 05:00:00,1,797,51.51593868200089,100.0
2024-01-04 06:00:00,1,798,49.91522173220354,40.44111387340105
2024-01-04 07:00:00,1,799,49.91023021003032,6.740716723505121
2024-01-04 08:00:00,1,800,51.23544264887458,100.0
2024-01-04 09:00:00,1,801,60.59752338125951,100.0
2024-01-04 10:00:00,1,802,72.0973186482072,100.0
2024-01-04 11:00:00,1,803,82.71336304142395,100.0
2024-01-04 12:00:00,1,804,92.86866901945923,100.0
2024-01-04 13:00:00,1,805,99.99,100.0
2024-01-04 14:00:00,1,806,99.99,100.0
2024-01-04 15:00:00,1,807,99.99,100.0
2024-01-04 16:00:00,1,808,99.99,100.0
2024-01-04 17:00:00,1,809,97.08940930972679,100.0
2024-01-04 18:00:00,1,810,92.90626947316667,100.0
2024-01-04 19:00:00,1,811,88.76162060558133,100.0
2024-01-04 20:00:00,1,812,84.67320735471237,100.0
2024-01-04 21:00:00,1,813,80.61250106330463,100.0
2024-01-04 22:00:00,1,814,76.62114608961342,100.0
2024-01-04 23:00:00,1,815,72.68688634293304,100.0
2024-01-05 00:00:00,1,816,68.75599481715243,100.0
2024-01-05 01:00:00,1,817,64.81884683892713,100.0
2024-01-05 02:00:00,1,818,60.90186621235469,100.0
2024-01-05 03:00:00,1,819,57.01170046229716,100.0
2024-01-05 04:00:00,1,820,53.15219664187586,100.0
2024-01-05 05:00:00,1,821,49.82911150409412,82.9854421295091
2024-01-05 06:00:00,1,822,49.824128592943715,0.9394258393913403
2024-01-05 07:00:00,1,823,49.81914618008442,3.52145608301093
2024-01-05 08:00:00,1,824,49.81416426546641,56.46358279786165
2024-01-05 09:00:00,1,825,51.69764648051487,100.0
2024-01-05 10:00:00,1,826,55.47075369646027,100.0
2024-01-05 11:00:00,1,827,59.57349801210737,100.0
2024-01-05 12:00:00,1,828,63.38448368308455,100.0
2024-01-05 13:00:00,1,829,65.74908422154849,100.0
2024-01-05 14:00:00,1,830,67.44016714158718,100.0
2024-01-05 15:00:00,1,831,68.11396584187158,100.0
2024-01-05 16:00:00,1,832,66.96905739881879,100.0
2024-01-05 17:00:00,1,833,63.32157157579365,100.0
2024-01-05 18:00:00,1,834,59.132674932316064,100.0
2024-01-05 19:00:00,1,835,55.00172771245424,100.0
2024-01-05 20:00:00,1,836,50.94031382233856,100.0
2024-01-05 21:00:00,1,837,49.945514747844406,25.364968544874117
2024-01-05 22:00:00,1,838,49.940520196369626,0.9821888697872326
2024-01-05 23:00:00,1,839,49.935526144349986,0.9922503167460286
2024-01-06 00:00:00,1,840,49.93053259173555,1.006307382173283
2024-01-06 01:00:00,1,841,49.92553953847638,0.9972920593074944
2024-01-06 02:00:00,1,842,49.92054698452253,1.0091667257181556
2024-01-06 03:00:00,1,843,49.91555492982408,1.0354595142127327
2024-01-06 04:00:00,1,844,49.9105633743311,1.0237106941768288
2024-01-06 05:00:00,1,845,49.90557231799366,0.9944995174284611
2024-01-06 06:00:00,1,846,49.90058176076186,0.956984074360504
2024-01-06 07:00:00,1,847,49.89559170258578,5.424467915710207
2024-01-06 08:00:00,1,848,50.25470806157655,100.0
2024-01-06 09:00:00,1,849,57.5629284037081,100.0
2024-01-06 10:00:00,1,850,67.22136422036988,100.0
2024-01-06 11:00:00,1,851,77.88431197249572,100.0
2024-01-06 12:00:00,1,852,89.10625214334259,100.0
2024-01-06 13:00:00,1,853,99.99,100.0
2024-01-06 14:00:00,1,854,99.99,100.0
2024-01-06 15:00:00,1,855,99.99,100.0
2024-01-06 16:00:00,1,856,99.99,100.0
2024-01-06 17:00:00,1,857,97.53981392233162,100.00000000000003
2024-01-06 18:00:00,1,858,93.46281250495085,100.0
2024-01-06 19:00:00,1,859,89.37095433996686,100.0
2024-01-06 20:00:00,1,860,85.37224896728749,100.0
2024-01-06 21:00:00,1,861,81.4532130005022,100.0
2024-01-06 22:00:00,1,862,77.76905277258543,100.0
2024-01-06 23:00:00,1,863,74.12935792075747,100.0
2024-01-07 00:00:00,1,864,70.53552390197488,100.0
2024-01-07 01:00:00,1,865,66.92297558148624,100.0
2024-01-07 02:00:00,1,866,63.15802404702945,100.0
2024-01-07 03:00:00,1,867,59.397123754398265,100.0
2024-01-07 04:00:00,1,868,55.64237415370975,100.0
2024-01-07 05:00:00,1,869,51.812405239296666,100.0
2024-01-07 06:00:00,1,870,49.89961978953828,48.47749090378991
2024-01-07 07:00:00,1,871,49.89462982755933,6.999013132369797
2024-01-07 08:00:00,1,872,50.87108094107443,100.0
2024-01-07 09:00:00,1,873,58.83470771550109,100.0
2024-01-07 10:00:00,1,874,69.1019552899177,100.0
2024-01-07 11:00:00,1,875,79.77765086360378,100.0
2024-01-07 12:00:00,1,876,90.52632610659433,100.0
2024-01-07 13:00:00,1,877,99.99,100.0
2024-01-07 14:00:00,1,878,99.99,100.0
2024-01-07 15:00:00,1,879,99.99,100.0
2024-01-07 16:00:00,1,880,99.99,100.0
2024-01-07 17:00:00,1,881,97.43795709620409,100.0
2024-01-07 18:00:00,1,882,93.37230586241715,100.0
2024-01-07 19:00:00,1,883,89.36585086124119,100.0
2024-01-07 20:00:00,1,884,85.44711548601359,100.0
2024-01-07 21:00:00,1,885,81.5942174726755,100.0
2024-01-07 22:00:00,1,886,77.78440180571062,100.0
2024-01-07 23:00:00,1,887,74.01171458703413,100.0
2024-01-08 00:00:00,1,888,70.24972892534895,100.0
2024-01-08 01:00:00,1,889,66.4784951257076,100.0
2024-01-08 02:00:00,1,890,62.712713099612515,100.0
2024-01-08 03:00:00,1,891,58.954657145064395,100.0
2024-01-08 04:00:00,1,892,55.16390427606219,100.0
2024-01-08 05:00:00,1,893,51.31403458384509,100.0
2024-01-08 06:00:00,1,894,49.925847201032276,35.709465274754365
2024-01-08 07:00:00,1,895,49.92085461631217,2.512223740741587
2024-01-08 08:00:00,1,896,49.91586253085054,54.475776642067366
2024-01-08 09:00:00,1,897,52.304487215372696,100.0
2024-01-08 10:00:00,1,898,56.74900008142193,100.0
2024-01-08 11:00:00,1,899,62.28932650777183,100.0
2024-01-08 12:00:00,1,900,70.66732378005966,100.0
2024-01-08 13:00:00,1,901,78.9044965375478,100.0
2024-01-08 14:00:00,1,902,86.41330606648012,100.0
2024-01-08 15:00:00,1,903,93.87329618985699,100.0
2024-01-08 16:00:00,1,904,97.58396129071477,100.0
2024-01-08 17:00:00,1,905,94.98116992963809,99.99999999999999
2024-01-08 18:00:00,1,906,90.94845290076499,100.0
2024-01-08 19:00:00,1,907,86.98266249827908,100.0
2024-01-08 20:00:00,1,908,83.10616254671258,100.0
2024-01-08 21:00:00,1,909,79.29619568524029,100.0
2024-01-08 22:00:00,1,910,75.52335728717587,100.0
2024-01-08 23:00:00,1,911,71.75387096787634,100.0
2024-01-09 00:00:00,1,912,68.00453523406375,100.0
2024-01-09 01:00:00,1,913,64.26957346876613,100.0
2024-01-09 02:00:00,1,914,60.565083124769494,100.0
2024-01-09 03:00:00,1,915,56.88003691491518,100.0
2024-01-09 04:00:00,1,916,53.205683497951284,100.0
2024-01-09 05:00:00,1,917,49.82629668791571,90.84983750041927
2024-01-09 06:00:00,1,918,49.82131405824692,1.0143822940712188
2024-01-09 07:00:00,1,919,49.8163319268411,9.716612407510093
2024-01-09 08:00:00,1,920,53.41777892062068,100.0
2024-01-09 09:00:00,1,921,68.39016895208711,100.0
2024-01-09 10:00:00,1,922,85.27439968217202,100.0
2024-01-09 11:00:00,1,923,99.99,100.0
2024-01-09 12:00:00,1,924,99.99,100.0
2024-01-09 13:00:00,1,925,99.99,100.0
2024-01-09 14:00:00,1,926,99.99,100.0
2024-01-09 15:00:00,1,927,99.99,100.0
2024-01-09 16:00:00,1,928,99.99,100.0
2024-01-09 17:00:00,1,929,98.69468893029746,100.0
2024-01-09 18:00:00,1,930,94.85072829119389,100.0
2024-01-09 19:00:00,1,931,91.02996263662479,100.0
2024-01-09 20:00:00,1,932,87.22952768341297,100.0
2024-01-09 21:00:00,1,933,83.66378162103148,100.0
2024-01-09 22:00:00,1,934,80.10574162660058,100.0
2024-01-09 23:00:00,1,935,76.415766555971,100.0
2024-01-10 00:00:00,1,936,72.70638684599346,100.0
2024-01-10 01:00:00,1,937,69.03342558896155,100.0
2024-01-10 02:00:00,1,938,65.36450637472751,100.0
2024-01-10 03:00:00,1,939,61.73200156738952,100.0
2024-01-10 04:00:00,1,940,58.096885215607166,100.0
2024-01-10 05:00:00,1,941,54.39301214043585,100.0
2024-01-10 06:00:00,1,942,50.64541249250599,100.0
2024-01-10 07:00:00,1,943,49.96103431835491,26.278204807396076
2024-01-10 08:00:00,1,944,52.47180932963054,100.0
2024-01-10 09:00:00,1,945,64.60527582462029,100.0
2024-01-10 10:00:00,1,946,78.50064097531221,100.0
2024-01-10 11:00:00,1,947,91.90102189957659,100.0
2024-01-10 12:00:00,1,948,99.99,100.0
2024-01-10 13:00:00,1,949,99.99,100.0
2024-01-10 14:00:00,1,950,99.99,100.0
2024-01-10 15:00:00,1,951,99.99,100.0
2024-01-10 16:00:00,1,952,99.99,100.0
2024-01-10 17:00:00,1,953,97.83833004935634,100.0
2024-01-10 18:00:00,1,954,93.61895194086458,100.0
2024-01-10 19:00:00,1,955,89.79253486201712,100.0
2024-01-10 20:00:00,1,956,86.0216216249601,100.0
2024-01-10 21:00:00,1,957,82.25178543097385,100.0
2024-01-10 22:00:00,1,958,78.51469898890947,100.0
2024-01-10 23:00:00,1,959,74.80808418061373,100.0
2024-01-11 00:00:00,1,960,71.09221569727649,100.0
2024-01-11 01:00:00,1,961,67.40909156909002,100.0
2024-01-11 02:00:00,1,962,63.693263033266824,100.0
2024-01-11 03:00:00,1,963,59.955057648517126,100.0
2024-01-11 04:00:00,1,964,57.358497407919906,100.0
2024-01-11 05:00:00,1,965,53.80308794191032,100.0
2024-01-11 06:00:00,1,966,49.794857492993884,101.99928753630971
2024-01-11 07:00:00,1,967,49.78987800724459,5.053688696107763
2024-01-11 08:00:00,1,968,49.99678989853265,100.0
2024-01-11 09:00:00,1,969,57.15267753620766,100.0
2024-01-11 10:00:00,1,970,66.45531605938099,100.0
2024-01-11 11:00:00,1,971,75.9936442951598,100.0
2024-01-11 12:00:00,1,972,85.7162534997744,100.0
2024-01-11 13:00:00,1,973,95.66029388942701,100.0
2024-01-11 14:00:00,1,974,99.99,100.0
2024-01-11 15:00:00,1,975,99.99,100.0
2024-01-11 16:00:00,1,976,99.99,100.0
2024-01-11 17:00:00,1,977,97.61209865155102,100.0
2024-01-11 18:00:00,1,978,93.51078768951841,100.0
2024-01-11 19:00:00,1,979,89.43817340006068,100.0
2024-01-11 20:00:00,1,980,85.44593585913579,100.0
2024-01-11 21:00:00,1,981,81.4843704550262,100.0
2024-01-11 22:00:00,1,982,77.57902235928667,100.0
2024-01-11 23:00:00,1,983,73.70416272348112,100.0
2024-01-12 00:00:00,1,984,69.89513606199115,100.0
2024-01-12 01:00:00,1,985,66.16943458519633,100.0
2024-01-12 02:00:00,1,986,62.408233151511325,100.0
2024-01-12 03:00:00,1,987,58.64740783796969,100.0
2024-01-12 04:00:00,1,988,54.83988685196829,100.0
2024-01-12 05:00:00,1,989,50.95032729984681,100.0
2024-01-12 06:00:00,1,990,49.94498777541491,25.694637197757952
2024-01-12 07:00:00,1,991,49.93999327663737,6.212515964644708
2024-01-12 08:00:00,1,992,50.48777313826225,100.0
2024-01-12 09:00:00,1,993,57.04821022744673,100.0
2024-01-12 10:00:00,1,994,65.70984315701365,100.0
2024-01-12 11:00:00,1,995,75.34409561809035,100.0
2024-01-12 12:00:00,1,996,85.43864601518257,100.0
2024-01-12 13:00:00,1,997,95.51505991973465,100.0
2024-01-12 14:00:00,1,998,99.99,100.0
2024-01-12 15:00:00,1,999,99.99,100.0
2024-01-12 16:00:00,1,1000,99.99,100.0
2024-01-12 17:00:00,1,1001,97.88406604764431,100.0
2024-01-12 18:00:00,1,1002,93.82842984831156,100.0
2024-01-12 19:00:00,1,1003,89.809898385989,100.0
2024-01-12 20:00:00,1,1004,85.8078676669955,100.0
2024-01-12 21:00:00,1,1005,81.85995844766232,100.0
2024-01-12 22:00:00,1,1006,77.93816724595624,100.0
2024-01-12 23:00:00,1,1007,74.04319140182261,100.0
2024-01-13 00:00:00,1,1008,70.1986516051896,100.0
2024-01-13 01:00:00,1,1009,66.37059515271912,100.0
2024-01-13 02:00:00,1,1010,62.549571047491135,100.0
2024-01-13 03:00:00,1,1011,58.73557858627094,100.0
2024-01-13 04:00:00,1,1012,54.892569550919504,100.0
2024-01-13 05:00:00,1,1013,50.987474123044706,100.0
2024-01-13 06:00:00,1,1014,49.94303287496672,25.5265146573826
2024-01-13 07:00:00,1,1015,49.93803857167922,7.937616680683048
2024-01-13 08:00:00,1,1016,52.149366534964706,100.0
2024-01-13 09:00:00,1,1017,63.53597031125005,100.0
2024-01-13 10:00:00,1,1018,76.77194029919413,100.0
2024-01-13 11:00:00,1,1019,86.9066528659746,100.0
2024-01-13 12:00:00,1,1020,96.53576054274534,100.0
2024-01-13 13:00:00,1,1021,99.99,100.0
2024-01-13 14:00:00,1,1022,99.99,100.0
2024-01-13 15:00:00,1,1023,99.99,100.0
2024-01-13 16:00:00,1,1024,99.99,100.0
2024-01-13 17:00:00,1,1025,97.25868926148638,100.0
2024-01-13 18:00:00,1,1026,93.10235301261304,100.0
2024-01-13 19:00:00,1,1027,88.99675921178769,100.0
2024-01-13 20:00:00,1,1028,85.00167776028543,100.0
2024-01-13 21:00:00,1,1029,81.0084311483135,100.0
2024-01-13 22:00:00,1,1030,77.06949273939483,100.0
2024-01-13 23:00:00,1,1031,73.18970914889553,100.0
2024-01-14 00:00:00,1,1032,69.38189501654949,100.0
2024-01-14 01:00:00,1,1033,65.57643580149217,100.0
2024-01-14 02:00:00,1,1034,61.81271402256703,100.0
2024-01-14 03:00:00,1,1035,58.06177681642839,100.0
2024-01-14 04:00:00,1,1036,54.313598205705496,100.0
2024-01-14 05:00:00,1,1037,50.48219591151476,100.0
2024-01-14 06:00:00,1,1038,49.96962380568823,13.631779718618207
2024-01-14 07:00:00,1,1039,49.96462684330766,6.888604273593607
2024-01-14 08:00:00,1,1040,50.69721197492525,100.0
2024-01-14 09:00:00,1,1041,57.943811502650775,100.0
2024-01-14 10:00:00,1,1042,68.28117441401024,100.0
2024-01-14 11:00:00,1,1043,79.17719768514482,100.0
2024-01-14 12:00:00,1,1044,90.64035077187681,100.0
2024-01-14 13:00:00,1,1045,99.99,100.0
2024-01-14 14:00:00,1,1046,99.99,100.0
2024-01-14 15:00:00,1,1047,99.99,100.0
2024-01-14 16:00:00,1,1048,99.99,100.0
2024-01-14 17:00:00,1,1049,97.41677479765866,99.99999999999999
2024-01-14 18:00:00,1,1050,93.38473501638835,100.0
2024-01-14 19:00:00,1,1051,89.42389663200336,100.0
2024-01-14 20:00:00,1,1052,85.53045213783611,100.0
2024-01-14 21:00:00,1,1053,81.67262687200777,100.0
2024-01-14 22:00:00,1,1054,77.83440523225394,100.0
2024-01-14 23:00:00,1,1055,74.03412185056725,100.0
2024-01-15 00:00:00,1,1056,70.22891982916614,100.0
2024-01-15 01:00:00,1,1057,66.4256563133615,100.0
2024-01-15 02:00:00,1,1058,62.65961832656938,100.0
2024-01-15 03:00:00,1,1059,58.90351987565977,100.0
2024-01-15 04:00:00,1,1060,55.10714344027071,100.0
2024-01-15 05:00:00,1,1061,51.239051693458826,100.0
2024-01-15 06:00:00,1,1062,49.92979327430055,33.45964504337503
2024-01-15 07:00:00,1,1063,49.924800294973124,5.693751821125575
2024-01-15 08:00:00,1,1064,50.119442870771316,100.0
2024-01-15 09:00:00,1,1065,57.18800846695762,100.0
2024-01-15 10:00:00,1,1066,66.53305433611303,100.0
2024-01-15 11:00:00,1,1067,77.5258779413568,100.0
2024-01-15 12:00:00,1,1068,89.02854600034749,100.0
2024-01-15 13:00:00,1,1069,99.99,100.0
2024-01-15 14:00:00,1,1070,99.99,100.0
2024-01-15 15:00:00,1,1071,99.99,100.0
2024-01-15 16:00:00,1,1072,99.99,100.0
2024-01-15 17:00:00,1,1073,97.62860980691181,100.0
2024-01-15 18:00:00,1,1074,93.6402703017048,100.0
2024-01-15 19:00:00,1,1075,89.71524334622532,100.0
2024-01-15 20:00:00,1,1076,85.87307774656156,100.0
2024-01-15 21:00:00,1,1077,82.24321790598889,100.0
2024-01-15 22:00:00,1,1078,78.66876105060993,100.0
2024-01-15 23:00:00,1,1079,75.16897759407549,100.0
2024-01-16 00:00:00,1,1080,71.56956548129742,100.0
2024-01-16 01:00:00,1,1081,68.01950932736544,100.0
2024-01-16 02:00:00,1,1082,64.42843752285337,100.0
2024-01-16 03:00:00,1,1083,60.86193424076674,100.0
2024-01-16 04:00:00,1,1084,57.29118249606182,100.0
2024-01-16 05:00:00,1,1085,53.68080822991601,100.0
2024-01-16 06:00:00,1,1086,49.99635401217489,100.0
2024-01-16 07:00:00,1,1087,49.99135437677367,8.560361747915943
2024-01-16 08:00:00,1,1088,51.8002618613931,100.0
2024-01-16 09:00:00,1,1089,60.657778356190605,100.0
2024-01-16 10:00:00,1,1090,71.8900234383134,100.0
2024-01-16 11:00:00,1,1091,82.7399891619552,100.0
2024-01-16 12:00:00,1,1092,94.17479471583466,100.0
2024-01-16 13:00:00,1,1093,99.99,100.0
2024-01-16 14:00:00,1,1094,99.99,100.0
2024-01-16 15:00:00,1,1095,99.99,100.0
2024-01-16 16:00:00,1,1096,99.99,100.0
2024-01-16 17:00:00,1,1097,97.77006390069054,99.99999999999999
2024-01-16 18:00:00,1,1098,94.02341037109169,100.0
2024-01-16 19:00:00,1,1099,90.30156908880981,100.0
2024-01-16 20:00:00,1,1100,86.60152132211,100.0
2024-01-16 21:00:00,1,1101,82.92918182748538,100.0
2024-01-16 22:00:00,1,1102,79.28063038847691,100.0
2024-01-16 23:00:00,1,1103,75.6709509616013,100.0
2024-01-17 00:00:00,1,1104,72.07338333587978,100.0
2024-01-17 01:00:00,1,1105,68.48258722615253,100.0
2024-01-17 02:00:00,1,1106,64.91042803228493,100.0
2024-01-17 03:00:00,1,1107,61.35766715610059,100.0
2024-01-17 04:00:00,1,1108,57.76809559076148,100.0
2024-01-17 05:00:00,1,1109,54.13459428534879,100.0
2024-01-17 06:00:00,1,1110,50.44267489561324,100.0
2024-01-17 07:00:00,1,1111,49.97170365115139,16.424132651250254
2024-01-17 08:00:00,1,1112,49.96670648078627,84.7427119767626
2024-01-17 09:00:00,1,1113,54.54708344949749,100.0
2024-01-17 10:00:00,1,1114,61.016929593912174,100.0
2024-01-17 11:00:00,1,1115,67.86081177217743,100.0
2024-01-17 12:00:00,1,1116,75.71935201467159,100.0
2024-01-17 13:00:00,1,1117,82.62935731349106,100.0
2024-01-17 14:00:00,1,1118,89.48518034165853,100.0
2024-01-17 15:00:00,1,1119,95.97439753322915,100.0
2024-01-17 16:00:00,1,1120,98.53276982516476,100.0
2024-01-17 17:00:00,1,1121,95.70106300594445,100.00000000000003
2024-01-17 18:00:00,1,1122,91.86146661335248,100.0
2024-01-17 19:00:00,1,1123,88.01362895165768,100.0
2024-01-17 20:00:00,1,1124,84.22724612826912,100.0
2024-01-17 21:00:00,1,1125,80.45883142296738,100.0
2024-01-17 22:00:00,1,1126,76.72948990278967,100.0
2024-01-17 23:00:00,1,1127,73.01354537269226,100.0
2024-01-18 00:00:00,1,1128,69.29244988058275,100.0
2024-01-18 01:00:00,1,1129,65.58193005754879,100.0
2024-01-18 02:00:00,1,1130,61.88996086346946,100.0
2024-01-18 03:00:00,1,1131,58.21292988097112,100.0
2024-01-18 04:00:00,1,1132,54.5108011607257,100.0
2024-01-18 05:00:00,1,1133,50.72627641227867,100.0
2024-01-18 06:00:00,1,1134,49.95677874817698,20.14850397219403
2024-01-18 07:00:00,1,1135,49.95178307030216,6.43620271635734
2024-01-18 08:00:00,1,1136,50.25441509233231,100.0
2024-01-18 09:00:00,1,1137,56.30082901940959,100.0
2024-01-18 10:00:00,1,1138,64.10952303730309,100.0
2024-01-18 11:00:00,1,1139,73.38242197701823,100.0
2024-01-18 12:00:00,1,1140,82.73292960707084,100.0
2024-01-18 13:00:00,1,1141,91.66356885604753,100.0
2024-01-18 14:00:00,1,1142,99.99,100.0
2024-01-18 15:00:00,1,1143,99.99,100.0
2024-01-18 16:00:00,1,1144,99.99,100.0
2024-01-18 17:00:00,1,1145,96.79430079217326,100.0
2024-01-18 18:00:00,1,1146,92.63136628850154,100.0
2024-01-18 19:00:00,1,1147,88.52588017019455,100.0
2024-01-18 20:00:00,1,1148,84.50122927594134,100.0
2024-01-18 21:00:00,1,1149,80.51977117085877,100.0
2024-01-18 22:00:00,1,1150,76.63204428614809,100.0
2024-01-18 23:00:00,1,1151,72.73924908625051,100.0
2024-01-19 00:00:00,1,1152,68.89752812116474,100.0
2024-01-19 01:00:00,1,1153,65.06798513892423,100.0
2024-01-19 02:00:00,1,1154,61.25436037568931,100.0
2024-01-19 03:00:00,1,1155,57.46531389839288,100.0
2024-01-19 04:00:00,1,1156,53.65779344259878,99.99999999999999
2024-01-19 05:00:00,1,1157,49.80250380719713,99.36899754837775
2024-01-19 06:00:00,1,1158,49.79752355681641,0.9968815712409704
2024-01-19 07:00:00,1,1159,49.79254380446072,3.5127749600879574
2024-01-19 08:00:00,1,1160,49.787564550080276,74.40073302884771
2024-01-19 09:00:00,1,1161,53.631918725804084,100.0
2024-01-19 10:00:00,1,1162,59.59486423535224,100.0
2024-01-19 11:00:00,1,1163,66.30829718081716,100.0
2024-01-19 12:00:00,1,1164,73.45684276614503,100.0
2024-01-19 13:00:00,1,1165,80.78450524348715,100.0
2024-01-19 14:00:00,1,1166,87.92887088641676,100.0
2024-01-19 15:00:00,1,1167,94.20143442852724,100.0
2024-01-19 16:00:00,1,1168,96.39482264040326,100.0
2024-01-19 17:00:00,1,1169,93.15832047299665,100.0
2024-01-19 18:00:00,1,1170,88.98129802144254,100.0
2024-01-19 19:00:00,1,1171,84.84201125556933,100.0
2024-01-19 20:00:00,1,1172,80.94992229830571,100.0
2024-01-19 21:00:00,1,1173,77.13246255106027,100.0
2024-01-19 22:00:00,1,1174,73.33773091481639,100.0
2024-01-19 23:00:00,1,1175,69.58708717845927,100.0
2024-01-20 00:00:00,1,1176,65.84005314743982,100.0
2024-01-20 01:00:00,1,1177,62.00937096302662,100.0
2024-01-20 02:00:00,1,1178,58.19969681006849,100.0
2024-01-20 03:00:00,1,1179,54.422183822846925,100.0
2024-01-20 04:00:00,1,1180,50.641675508412256,100.0
2024-01-20 05:00:00,1,1181,49.961230982059924,18.32895309333997
2024-01-20 06:00:00,1,1182,49.956234858961714,0.9742184279131351
2024-01-20 07:00:00,1,1183,49.95123923547582,5.830758093097877
2024-01-20 08:00:00,1,1184,50.064579044771506,100.0
2024-01-20 09:00:00,1,1185,56.20067102237953,100.0
2024-01-20 10:00:00,1,1186,63.685673129749155,100.0
2024-01-20 11:00:00,1,1187,73.11872666812901,100.0
2024-01-20 12:00:00,1,1188,83.02466220630352,100.0
2024-01-20 13:00:00,1,1189,92.71821404961894,100.0
2024-01-20 14:00:00,1,1190,99.99,100.0
2024-01-20 15:00:00,1,1191,99.99,100.0
2024-01-20 16:00:00,1,1192,99.99,100.0
2024-01-20 17:00:00,1,1193,96.75685880734001,100.0
2024-01-20 18:00:00,1,1194,92.60998555368859,100.0
2024-01-20 19:00:00,1,1195,88.50984434962938,100.0
2024-01-20 20:00:00,1,1196,84.47243428738904,100.0
2024-01-20 21:00:00,1,1197,80.4714567895326,100.0
2024-01-20 22:00:00,1,1198,76.53427464803177,100.0
2024-01-20 23:00:00,1,1199,72.6525551476538,100.0
2024-01-21 00:00:00,1,1200,68.80784469390174,100.0
2024-01-21 01:00:00,1,1201,64.99132158763722,100.0
2024-01-21 02:00:00,1,1202,61.185353750394675,100.0
2024-01-21 03:00:00,1,1203,57.393758707711896,100.0
2024-01-21 04:00:00,1,1204,53.581790022620076,100.0
2024-01-21 05:00:00,1,1205,49.806503587178014,96.74360353808024
2024-01-21 06:00:00,1,1206,49.801522936819296,0.9458950109333323
2024-01-21 07:00:00,1,1207,49.79654278452561,6.429069401185125
2024-01-21 08:00:00,1,1208,50.45220369521359,100.0
2024-01-21 09:00:00,1,1209,57.08468923413689,100.0
2024-01-21 10:00:00,1,1210,66.46748039388692,100.0
2024-01-21 11:00:00,1,1211,75.81798807703017,100.0
2024-01-21 12:00:00,1,1212,86.3576726292595,100.0
2024-01-21 13:00:00,1,1213,97.3946164875548,100.0
2024-01-21 14:00:00,1,1214,99.99,100.0
2024-01-21 15:00:00,1,1215,99.99,100.0
2024-01-21 16:00:00,1,1216,99.99,100.0
2024-01-21 17:00:00,1,1217,97.80555494180571,99.99999999999999
2024-01-21 18:00:00,1,1218,93.63040383172529,100.0
2024-01-21 19:00:00,1,1219,89.47295175020902,100.0
2024-01-21 20:00:00,1,1220,85.35563767554767,100.0
2024-01-21 21:00:00,1,1221,81.31817985558737,100.0
2024-01-21 22:00:00,1,1222,77.30159937001116,100.0
2024-01-21 23:00:00,1,1223,73.34054174256606,100.0
2024-01-22 00:00:00,1,1224,69.410853085692,100.0
2024-01-22 01:00:00,1,1225,65.50728062438881,100.0
2024-01-22 02:00:00,1,1226,61.61057307399225,100.0
2024-01-22 03:00:00,1,1227,57.74452810741194,100.0
2024-01-22 04:00:00,1,1228,53.84579702527875,100.0
2024-01-22 05:00:00,1,1229,49.79260987128546,101.5402966045603
2024-01-22 06:00:00,1,1230,49.78763061029833,0.0
2024-01-22 07:00:00,1,1231,49.7826518472373,7.573706128301786
2024-01-22 08:00:00,1,1232,51.793072848777356,100.0
2024-01-22 09:00:00,1,1233,63.48132699566374,100.0
2024-01-22 10:00:00,1,1234,76.86848979528736,100.0
2024-01-22 11:00:00,1,1235,86.52754093266026,100.0
2024-01-22 12:00:00,1,1236,96.57958802206078,100.0
2024-01-22 13:00:00,1,1237,99.99,100.0
2024-01-22 14:00:00,1,1238,99.99,100.0
2024-01-22 15:00:00,1,1239,99.99,100.0
2024-01-22 16:00:00,1,1240,99.99,100.0
2024-01-22 17:00:00,1,1241,97.31199341592469,100.0
2024-01-22 18:00:00,1,1242,93.17319504709316,100.0
2024-01-22 19:00:00,1,1243,89.08105149503167,100.0
2024-01-22 20:00:00,1,1244,85.08693399977818,100.0
2024-01-22 21:00:00,1,1245,81.12423560158523,100.0
2024-01-22 22:00:00,1,1246,77.2037207811931,100.0
2024-01-22 23:00:00,1,1247,73.33431942834228,100.0
2024-01-23 00:00:00,1,1248,69.47653681876187,100.0
2024-01-23 01:00:00,1,1249,65.64981505897765,100.0
2024-01-23 02:00:00,1,1250,61.8255077831452,100.0
2024-01-23 03:00:00,1,1251,58.04449247563724,100.0
2024-01-23 04:00:00,1,1252,54.24394960694408,100.0
2024-01-23 05:00:00,1,1253,50.401118726713264,100.0
2024-01-23 06:00:00,1,1254,49.97389059921892,11.606348330145053
2024-01-23 07:00:00,1,1255,49.968893210158996,6.881383287676048
2024-01-23 08:00:00,1,1256,51.748161335983575,100.0
2024-01-23 09:00:00,1,1257,61.4228668831658,100.0
2024-01-23 10:00:00,1,1258,72.58795258165335,100.0
2024-01-23 11:00:00,1,1259,82.79994140545331,100.0
2024-01-23 12:00:00,1,1260,92.05603866958285,100.0
2024-01-23 13:00:00,1,1261,99.99,100.0
2024-01-23 14:00:00,1,1262,99.99,100.0
2024-01-23 15:00:00,1,1263,99.99,100.0
2024-01-23 16:00:00,1,1264,99.99,100.0
2024-01-23 17:00:00,1,1265,97.30991284301702,100.0
2024-01-23 18:00:00,1,1266,93.3254754827845,100.0
2024-01-23 19:00:00,1,1267,89.34042684176863,100.0
2024-01-23 20:00:00,1,1268,85.38145157405893,100.0
2024-01-23 21:00:00,1,1269,81.43679742071933,100.0
2024-01-23 22:00:00,1,1270,77.58246065135039,100.0
2024-01-23 23:00:00,1,1271,73.7604832891791,100.0
2024-01-24 00:00:00,1,1272,69.95191386638881,100.0
2024-01-24 01:00:00,1,1273,66.13207632982804,100.0
2024-01-24 02:00:00,1,1274,62.37869959321838,100.0
2024-01-24 03:00:00,1,1275,58.6274135039853,100.0
2024-01-24 04:00:00,1,1276,54.88734194961601,100.0
2024-01-24 05:00:00,1,1277,51.10123081725699,100.0
2024-01-24 06:00:00,1,1278,49.937046279253934,30.306984520269882
2024-01-24 07:00:00,1,1279,49.93205257462601,7.943974485250729
2024-01-24 08:00:00,1,1280,52.597039274877055,100.0
2024-01-24 09:00:00,1,1281,66.38683444572455,100.0
2024-01-24 10:00:00,1,1282,81.22223812486428,100.0
2024-01-24 11:00:00,1,1283,96.0079777424603,100.0
2024-01-24 12:00:00,1,1284,99.99,100.0
2024-01-24 13:00:00,1,1285,99.99,100.0
2024-01-24 14:00:00,1,1286,99.99,100.0
2024-01-24 15:00:00,1,1287,99.99,100.0
2024-01-24 16:00:00,1,1288,99.99,100.0
2024-01-24 17:00:00,1,1289,98.53429152402673,100.0
2024-01-24 18:00:00,1,1290,94.61665041457638,100.0
2024-01-24 19:00:00,1,1291,90.726896393635,100.0
2024-01-24 20:00:00,1,1292,86.86805106218671,100.0
2024-01-24 21:00:00,1,1293,83.0030179109884,100.0
2024-01-24 22:00:00,1,1294,79.19327222493145,100.0
2024-01-24 23:00:00,1,1295,75.41563208377575,100.0
2024-01-25 00:00:00,1,1296,71.65867368460617,100.0
2024-01-25 01:00:00,1,1297,67.92223770043563,100.0
2024-01-25 02:00:00,1,1298,64.19960362218123,100.0
2024-01-25 03:00:00,1,1299,60.5161353373991,100.0
2024-01-25 04:00:00,1,1300,56.81786602733108,100.0
2024-01-25 05:00:00,1,1301,53.03649777805737,100.0
2024-01-25 06:00:00,1,1302,49.835200309037916,82.13332052828073
2024-01-25 07:00:00,1,1303,49.83021678900702,6.536544497496462
2024-01-25 08:00:00,1,1304,49.825233767328115,99.92953197119414
2024-01-25 09:00:00,1,1305,55.063181908656325,100.0
2024-01-25 10:00:00,1,1306,62.29427661102711,100.0
2024-01-25 11:00:00,1,1307,71.11867985178544,100.0
2024-01-25 12:00:00,1,1308,79.78152082519875,100.0
2024-01-25 13:00:00,1,1309,88.5914404726428,100.0
2024-01-25 14:00:00,1,1310,97.85066252830549,100.0
2024-01-25 15:00:00,1,1311,99.99,100.0
2024-01-25 16:00:00,1,1312,99.99,100.0
2024-01-25 17:00:00,1,1313,96.83619740879934,100.0
2024-01-25 18:00:00,1,1314,92.72285355922124,100.0
2024-01-25 19:00:00,1,1315,88.6784183917262,100.0
2024-01-25 20:00:00,1,1316,84.6727137421582,100.0
2024-01-25 21:00:00,1,1317,80.67576700243538,100.0
2024-01-25 22:00:00,1,1318,76.74137227510268,100.0
2024-01-25 23:00:00,1,1319,72.83846420098979,100.0
2024-01-26 00:00:00,1,1320,68.9467712755922,100.0
2024-01-26 01:00:00,1,1321,65.08221195169095,100.0
2024-01-26 02:00:00,1,1322,61.21928917399039,100.0
2024-01-26 03:00:00,1,1323,57.39666515495991,100.0
2024-01-26 04:00:00,1,1324,53.56774594339912,100.0
2024-01-26 05:00:00,1,1325,49.807242675326066,96.27831613072718
2024-01-26 06:00:00,1,1326,49.80226195105853,1.0092162992192188
2024-01-26 07:00:00,1,1327,49.79728172486343,8.836837765807626
2024-01-26 08:00:00,1,1328,53.151311137578276,100.0
2024-01-26 09:00:00,1,1329,66.90390146223343,100.0
2024-01-26 10:00:00,1,1330,82.74875798748822,100.0
2024-01-26 11:00:00,1,1331,98.29797237158124,100.0
2024-01-26 12:00:00,1,1332,99.99,100.0
2024-01-26 13:00:00,1,1333,99.99,100.0
2024-01-26 14:00:00,1,1334,99.99,100.0
2024-01-26 15:00:00,1,1335,99.99,100.0
2024-01-26 16:00:00,1,1336,99.99,100.0
2024-01-26 17:00:00,1,1337,98.26113152323889,100.0
2024-01-26 18:00:00,1,1338,94.21159588996385,100.0
2024-01-26 19:00:00,1,1339,90.20436455870868,100.0
2024-01-26 20:00:00,1,1340,86.2637776515372,100.0
2024-01-26 21:00:00,1,1341,82.41155269814604,100.0
2024-01-26 22:00:00,1,1342,78.5901667806201,100.0
2024-01-26 23:00:00,1,1343,74.8294180527845,100.0
2024-01-27 00:00:00,1,1344,71.09684100643192,100.0
2024-01-27 01:00:00,1,1345,67.38509228890473,100.0
2024-01-27 02:00:00,1,1346,63.69107553451474,100.0
2024-01-27 03:00:00,1,1347,60.022531381863566,100.0
2024-01-27 04:00:00,1,1348,56.33222930959245,100.00000000000003
2024-01-27 05:00:00,1,1349,52.562740228123786,100.0
2024-01-27 06:00:00,1,1350,49.86013242346837,69.54056577364824
2024-01-27 07:00:00,1,1351,49.85514641022602,6.76560507223372
2024-01-27 08:00:00,1,1352,50.63402082108763,100.0
2024-01-27 09:00:00,1,1353,58.44381496018754,100.0
2024-01-27 10:00:00,1,1354,68.36772126984957,100.0
2024-01-27 11:00:00,1,1355,79.30448320258023,100.0
2024-01-27 12:00:00,1,1356,90.15918320366517,100.0
2024-01-27 13:00:00,1,1357,99.99,100.0
2024-01-27 14:00:00,1,1358,99.99,100.0
2024-01-27 15:00:00,1,1359,99.99,100.0
2024-01-27 16:00:00,1,1360,99.99,100.0
2024-01-27 17:00:00,1,1361,97.40149775132546,100.00000000000003
2024-01-27 18:00:00,1,1362,93.3492061149357,100.0
2024-01-27 19:00:00,1,1363,89.34297290120823,100.0
2024-01-27 20:00:00,1,1364,85.41494278203791,100.0
2024-01-27 21:00:00,1,1365,81.44747302927081,100.0
2024-01-27 22:00:00,1,1366,77.52055321724862,100.0
2024-01-27 23:00:00,1,1367,73.66882874253588,100.0
2024-01-28 00:00:00,1,1368,69.85271801154632,100.0
2024-01-28 01:00:00,1,1369,66.03027025807698,100.0
2024-01-28 02:00:00,1,1370,62.24172402401737,100.0
2024-01-28 03:00:00,1,1371,58.49450247112973,100.0
2024-01-28 04:00:00,1,1372,54.7025824105882,100.0
2024-01-28 05:00:00,1,1373,50.84018801555339,100.0
2024-01-28 06:00:00,1,1374,49.950784000170955,22.758347268405963
2024-01-28 07:00:00,1,1375,49.94578892177094,6.468749180823549
2024-01-28 08:00:00,1,1376,51.548615550049625,100.0
2024-01-28 09:00:00,1,1377,60.418980884102304,100.0
2024-01-28 10:00:00,1,1378,71.45296837189144,100.0
2024-01-28 11:00:00,1,1379,81.36961574586607,100.0
2024-01-28 12:00:00,1,1380,91.21796444235443,100.0
2024-01-28 13:00:00,1,1381,99.99,100.0
2024-01-28 14:00:00,1,1382,99.99,100.0
2024-01-28 15:00:00,1,1383,99.99,100.0
2024-01-28 16:00:00,1,1384,99.99,100.0
2024-01-28 17:00:00,1,1385,97.22222247478174,99.99999999999999
2024-01-28 18:00:00,1,1386,93.13765544284706,100.0
2024-01-28 19:00:00,1,1387,89.09047278339983,100.0
2024-01-28 20:00:00,1,1388,85.11665945726003,100.0
2024-01-28 21:00:00,1,1389,81.1859655665607,100.0
2024-01-28 22:00:00,1,1390,77.31937489638135,100.0
2024-01-28 23:00:00,1,1391,73.47926017285994,100.0
2024-01-29 00:00:00,1,1392,69.67529195929501,100.0
2024-01-29 01:00:00,1,1393,65.90828798100898,100.0
2024-01-29 02:00:00,1,1394,62.112300148542566,99.99999999999999
2024-01-29 03:00:00,1,1395,58.32554660581826,100.0
2024-01-29 04:00:00,1,1396,54.52365177377839,100.0
2024-01-29 05:00:00,1,1397,50.638887114388,100.0
2024-01-29 06:00:00,1,1398,49.96137772496439,17.57835019285251
2024-01-29 07:00:00,1,1399,49.95638158719189,5.2299892612626415
2024-01-29 08:00:00,1,1400,50.28679798987279,100.0
2024-01-29 09:00:00,1,1401,57.02406447165627,100.0
2024-01-29 10:00:00,1,1402,66.09308351001015,100.0
2024-01-29 11:00:00,1,1403,75.66397906432623,100.0
2024-01-29 12:00:00,1,1404,85.13822398258871,100.0
2024-01-29 13:00:00,1,1405,94.7244667808166,100.0
2024-01-29 14:00:00,1,1406,99.99,100.0
2024-01-29 15:00:00,1,1407,99.99,100.0
2024-01-29 16:00:00,1,1408,99.99,100.0
2024-01-29 17:00:00,1,1409,97.56704453458855,100.0
2024-01-29 18:00:00,1,1410,93.46463613563387,100.0
2024-01-29 19:00:00,1,1411,89.37127700086333,100.0
2024-01-29 20:00:00,1,1412,85.33571906419624,100.0
2024-01-29 21:00:00,1,1413,81.38402946143344,100.0
2024-01-29 22:00:00,1,1414,77.47319411848885,100.0
2024-01-29 23:00:00,1,1415,73.60275472642947,100.0
2024-01-30 00:00:00,1,1416,69.76930948556725,100.0
2024-01-30 01:00:00,1,1417,65.93607389633581,100.0
2024-01-30 02:00:00,1,1418,62.09992983941609,100.0
2024-01-30 03:00:00,1,1419,58.309766381170824,100.0
2024-01-30 04:00:00,1,1420,54.49437110009456,100.0
2024-01-30 05:00:00,1,1421,50.62354662495841,100.0
2024-01-30 06:00:00,1,1422,49.96218503840548,17.41912370141809
2024-01-30 07:00:00,1,1423,49.95718881990164,3.92614348587609
2024-01-30 08:00:00,1,1424,49.952193101019645,60.92672985418018
2024-01-30 09:00:00,1,1425,52.09797539817301,100.0
2024-01-30 10:00:00,1,1426,56.325787845766115,100.0
2024-01-30 11:00:00,1,1427,61.03351777102861,100.0
2024-01-30 12:00:00,1,1428,65.2305941223704,100.0
2024-01-30 13:00:00,1,1429,67.9366751061595,100.0
2024-01-30 14:00:00,1,1430,69.98021942027488,100.0
2024-01-30 15:00:00,1,1431,71.22803306858816,100.0
2024-01-30 16:00:00,1,1432,70.43088873093892,100.0
2024-01-30 17:00:00,1,1433,67.14559070210298,100.0
2024-01-30 18:00:00,1,1434,63.251573320915085,100.0
2024-01-30 19:00:00,1,1435,59.37601392953166,100.0
2024-01-30 20:00:00,1,1436,55.52982779418756,100.0
2024-01-30 21:00:00,1,1437,51.67190813657881,100.0
2024-01-30 22:00:00,1,1438,49.90701363443342,46.86162679965201
2024-01-30 23:00:00,1,1439,49.90202293306997,0.998923014285133
2024-01-31 00:00:00,1,1440,49.897032730776665,0.99003096171777
2024-01-31 01:00:00,1,1441,49.89204302750358,0.993646453198236
2024-01-31 02:00:00,1,1442,49.88705382320083,1.0476377842547853
2024-01-31 03:00:00,1,1443,49.88206511781851,1.0286479632384093
2024-01-31 04:00:00,1,1444,49.87707691130673,1.0492019451106374
2024-01-31 05:00:00,1,1445,49.8720892036156,0.9731763008762442
2024-01-31 06:00:00,1,1446,49.86710199469525,0.9999943251128414
2024-01-31 07:00:00,1,1447,49.86211528449578,7.474577237237759
2024-01-31 08:00:00,1,1448,51.24900641659485,100.0
2024-01-31 09:00:00,1,1449,59.498685734622,100.0
2024-01-31 10:00:00,1,1450,70.40284139635729,100.0
2024-01-31 11:00:00,1,1451,81.80073273540245,100.0
2024-01-31 12:00:00,1,1452,92.95461923291982,100.0
2024-01-31 13:00:00,1,1453,99.99,100.0
2024-01-31 14:00:00,1,1454,99.99,100.0
2024-01-31 15:00:00,1,1455,99.99,100.0
2024-01-31 16:00:00,1,1456,99.99,100.0
2024-01-31 17:00:00,1,1457,97.6905016074774,100.0
2024-01-31 18:00:00,1,1458,93.85423116078589,100.0
2024-01-31 19:00:00,1,1459,90.03866516693115,100.0
2024-01-31 20:00:00,1,1460,86.22636321689009,100.0
2024-01-31 21:00:00,1,1461,82.44411551367912,100.0
2024-01-31 22:00:00,1,1462,78.69888345113853,100.0
2024-01-31 23:00:00,1,1463,74.97126756664862,100.0
